feature,feature_type,bucket_order,bucket,lower_bound,upper_bound,reference_count,reference_bad,reference_good,reference_bad_rate,bad_share,good_share,woe,iv_component,reference_share,actual_count,actual_share,psi_component,bucket_display
age_yrs,numeric,0,__MISSING__,,,0,0,0,,0,0,0,0,0,0,0,0,__MISSING__
age_yrs,numeric,1,BIN_00,-inf,27.94474926,840,58,782,0.06904761905,0.1399521531,0.09791041041,0.3572477196,0.01501931671,0.1,384,0.1066666667,0.0004302568076,BIN_00
age_yrs,numeric,2,BIN_01,27.94474926,32.88346269,840,45,795,0.05357142857,0.1088516746,0.09953703704,0.08945636598,0.0008332536305,0.1,343,0.09527777778,0.0002284308147,BIN_01
age_yrs,numeric,3,BIN_02,32.88346269,36.24906647,840,42,798,0.05,0.1016746411,0.09991241241,0.01748399608,3.081080031e-05,0.1,331,0.09194444444,0.0006765511184,BIN_02
age_yrs,numeric,4,BIN_03,36.24906647,39.25435718,840,45,795,0.05357142857,0.1088516746,0.09953703704,0.08945636598,0.0008332536305,0.1,355,0.09861111111,1.942533608e-05,BIN_03
age_yrs,numeric,5,BIN_04,39.25435718,42.02952375,840,40,800,0.04761904762,0.09688995215,0.1001626627,-0.03321967052,0.0001087183648,0.1,397,0.1102777778,0.001005498117,BIN_04
age_yrs,numeric,6,BIN_05,42.02952375,44.94976073,840,36,804,0.04285714286,0.08732057416,0.1006631632,-0.142193818,0.001897233673,0.1,370,0.1027777778,7.610826163e-05,BIN_05
age_yrs,numeric,7,BIN_06,44.94976073,47.8655909,840,28,812,0.03333333333,0.06818181818,0.1016641642,-0.3994969391,0.01337609473,0.1,333,0.0925,0.000584711561,BIN_06
age_yrs,numeric,8,BIN_07,47.8655909,51.64861087,840,36,804,0.04285714286,0.08732057416,0.1006631632,-0.142193818,0.001897233673,0.1,387,0.1075,0.0005424049618,BIN_07
age_yrs,numeric,9,BIN_08,51.64861087,56.78007693,840,50,790,0.05952380952,0.1208133971,0.09891141141,0.2000225674,0.004380891415,0.1,375,0.1041666667,0.0001700916438,BIN_08
age_yrs,numeric,10,BIN_09,56.78007693,inf,840,33,807,0.03928571429,0.08014354067,0.1010385385,-0.2316827285,0.004841010117,0.1,325,0.09027777778,0.0009943776998,BIN_09
income_amt,numeric,0,__MISSING__,,,0,0,0,,0,0,0,0,0,0,0,0,__MISSING__
income_amt,numeric,1,BIN_00,-inf,13321.80959,840,33,807,0.03928571429,0.08014354067,0.1010385385,-0.2316827285,0.004841010117,0.1,345,0.09583333333,0.0001773317267,BIN_00
income_amt,numeric,2,BIN_01,13321.80959,17044.14047,840,47,793,0.05595238095,0.1136363636,0.09928678679,0.1349910589,0.001937064573,0.1,363,0.1008333333,6.915669012e-06,BIN_01
income_amt,numeric,3,BIN_02,17044.14047,20353.06798,840,53,787,0.0630952381,0.1279904306,0.09853603604,0.261533171,0.007703301216,0.1,371,0.1030555556,9.196620631e-05,BIN_02
income_amt,numeric,4,BIN_03,20353.06798,23646.49569,840,34,806,0.04047619048,0.08253588517,0.1009134134,-0.2010296857,0.003694428728,0.1,359,0.09972222222,7.726786005e-07,BIN_03
income_amt,numeric,5,BIN_04,23646.49569,27106.92957,840,37,803,0.04404761905,0.08971291866,0.100538038,-0.1139213644,0.001233212369,0.1,346,0.09611111111,0.0001542537749,BIN_04
income_amt,numeric,6,BIN_05,27106.92957,31114.13523,840,35,805,0.04166666667,0.08492822967,0.1007882883,-0.1712156183,0.002715489744,0.1,392,0.1088888889,0.0007569582964,BIN_05
income_amt,numeric,7,BIN_06,31114.13523,36215.27644,840,46,794,0.05476190476,0.1112440191,0.09941191191,0.1124542144,0.001330570323,0.1,405,0.1125,0.001472287946,BIN_06
income_amt,numeric,8,BIN_07,36215.27644,43561.65848,840,47,793,0.05595238095,0.1136363636,0.09928678679,0.1349910589,0.001937064573,0.1,365,0.1013888889,1.915739185e-05,BIN_07
income_amt,numeric,9,BIN_08,43561.65848,55077.96917,840,36,804,0.04285714286,0.08732057416,0.1006631632,-0.142193818,0.001897233673,0.1,309,0.08583333333,0.002164139023,BIN_08
income_amt,numeric,10,BIN_09,55077.96917,inf,840,45,795,0.05357142857,0.1088516746,0.09953703704,0.08945636598,0.0008332536305,0.1,345,0.09583333333,0.0001773317267,BIN_09
income_duplicate_corr,numeric,0,__MISSING__,,,0,0,0,,0,0,0,0,0,0,0,0,__MISSING__
income_duplicate_corr,numeric,1,BIN_00,-inf,13629.90751,840,34,806,0.04047619048,0.08253588517,0.1009134134,-0.2010296857,0.003694428728,0.1,355,0.09861111111,1.942533608e-05,BIN_00
income_duplicate_corr,numeric,2,BIN_01,13629.90751,17355.49549,840,47,793,0.05595238095,0.1136363636,0.09928678679,0.1349910589,0.001937064573,0.1,348,0.09666666667,0.0001130051723,BIN_01
income_duplicate_corr,numeric,3,BIN_02,17355.49549,20787.17391,840,49,791,0.05833333333,0.1184210526,0.09903653654,0.1787576781,0.003465131087,0.1,376,0.1044444444,0.0001932671642,BIN_02
income_duplicate_corr,numeric,4,BIN_03,20787.17391,24083.72143,840,39,801,0.04642857143,0.09449760766,0.1002877878,-0.05946941234,0.0003443386098,0.1,358,0.09944444444,3.095025027e-06,BIN_03
income_duplicate_corr,numeric,5,BIN_04,24083.72143,27602.60455,840,35,805,0.04166666667,0.08492822967,0.1007882883,-0.1712156183,0.002715489744,0.1,338,0.09388888889,0.0003853552754,BIN_04
income_duplicate_corr,numeric,6,BIN_05,27602.60455,31751.75749,840,35,805,0.04166666667,0.08492822967,0.1007882883,-0.1712156183,0.002715489744,0.1,401,0.1113888889,0.001228375897,BIN_05
income_duplicate_corr,numeric,7,BIN_06,31751.75749,36946.6334,840,47,793,0.05595238095,0.1136363636,0.09928678679,0.1349910589,0.001937064573,0.1,410,0.1138888889,0.001806293448,BIN_06
income_duplicate_corr,numeric,8,BIN_07,36946.6334,44450.88556,840,44,796,0.05238095238,0.1064593301,0.09966216216,0.06597694763,0.0004484563959,0.1,360,0.1,0,BIN_07
income_duplicate_corr,numeric,9,BIN_08,44450.88556,56214.01736,840,38,802,0.04523809524,0.09210526316,0.1004129129,-0.08635872591,0.0007174380481,0.1,310,0.08611111111,0.002076829638,BIN_08
income_duplicate_corr,numeric,10,BIN_09,56214.01736,inf,840,45,795,0.05357142857,0.1088516746,0.09953703704,0.08945636598,0.0008332536305,0.1,344,0.09555555556,0.0002020549959,BIN_09
credit_amt,numeric,0,__MISSING__,,,0,0,0,,0,0,0,0,0,0,0,0,__MISSING__
credit_amt,numeric,1,BIN_00,-inf,6370.191194,840,30,810,0.03571428571,0.07296650718,0.1014139139,-0.3292097698,0.009365164222,0.1,363,0.1008333333,6.915669012e-06,BIN_00
credit_amt,numeric,2,BIN_01,6370.191194,8519.652354,840,40,800,0.04761904762,0.09688995215,0.1001626627,-0.03321967052,0.0001087183648,0.1,353,0.09805555556,3.818106156e-05,BIN_01
credit_amt,numeric,3,BIN_02,8519.652354,10387.20589,840,36,804,0.04285714286,0.08732057416,0.1006631632,-0.142193818,0.001897233673,0.1,329,0.09138888889,0.0007753985281,BIN_02
credit_amt,numeric,4,BIN_03,10387.20589,12374.443,840,44,796,0.05238095238,0.1064593301,0.09966216216,0.06597694763,0.0004484563959,0.1,371,0.1030555556,9.196620631e-05,BIN_03
credit_amt,numeric,5,BIN_04,12374.443,14563.52243,840,35,805,0.04166666667,0.08492822967,0.1007882883,-0.1712156183,0.002715489744,0.1,356,0.09888888889,1.241477844e-05,BIN_04
credit_amt,numeric,6,BIN_05,14563.52243,17116.64552,840,52,788,0.0619047619,0.1255980861,0.09866116116,0.241395651,0.006502456537,0.1,342,0.095,0.0002564664719,BIN_05
credit_amt,numeric,7,BIN_06,17116.64552,20477.23041,840,47,793,0.05595238095,0.1136363636,0.09928678679,0.1349910589,0.001937064573,0.1,358,0.09944444444,3.095025027e-06,BIN_06
credit_amt,numeric,8,BIN_07,20477.23041,25175.13557,840,47,793,0.05595238095,0.1136363636,0.09928678679,0.1349910589,0.001937064573,0.1,361,0.1002777778,7.705352452e-07,BIN_07
credit_amt,numeric,9,BIN_08,25175.13557,33512.10968,840,31,809,0.0369047619,0.07535885167,0.1012887888,-0.2957143395,0.007667854227,0.1,378,0.105,0.0002439508208,BIN_08
credit_amt,numeric,10,BIN_09,33512.10968,inf,840,51,789,0.06071428571,0.1232057416,0.09878628629,0.2208968618,0.005394181051,0.1,389,0.1080555556,0.0006241066814,BIN_09
debt_ratio,numeric,0,__MISSING__,,,0,0,0,,0,0,0,0,0,0,0,0,__MISSING__
debt_ratio,numeric,1,BIN_00,-inf,0.09508287025,840,30,810,0.03571428571,0.07296650718,0.1014139139,-0.3292097698,0.009365164222,0.1,384,0.1066666667,0.0004302568076,BIN_00
debt_ratio,numeric,2,BIN_01,0.09508287025,0.1424785545,840,27,813,0.03214285714,0.06578947368,0.1017892893,-0.4364450342,0.01571194075,0.1,364,0.1011111111,1.227759576e-05,BIN_01
debt_ratio,numeric,3,BIN_02,0.1424785545,0.1840272327,840,27,813,0.03214285714,0.06578947368,0.1017892893,-0.4364450342,0.01571194075,0.1,367,0.1019444444,3.744575451e-05,BIN_02
debt_ratio,numeric,4,BIN_03,0.1840272327,0.2271950793,840,30,810,0.03571428571,0.07296650718,0.1014139139,-0.3292097698,0.009365164222,0.1,363,0.1008333333,6.915669012e-06,BIN_03
debt_ratio,numeric,5,BIN_04,0.2271950793,0.266084456,840,36,804,0.04285714286,0.08732057416,0.1006631632,-0.142193818,0.001897233673,0.1,339,0.09416666667,0.0003506062237,BIN_04
debt_ratio,numeric,6,BIN_05,0.266084456,0.3088547896,840,41,799,0.04880952381,0.09928229665,0.1000375375,-0.007578217234,5.723379504e-06,0.1,353,0.09805555556,3.818106156e-05,BIN_05
debt_ratio,numeric,7,BIN_06,0.3088547896,0.3596490045,840,32,808,0.0380952381,0.07775119617,0.1011636637,-0.2632257019,0.006162763188,0.1,345,0.09583333333,0.0001773317267,BIN_06
debt_ratio,numeric,8,BIN_07,0.3596490045,0.4209385929,840,46,794,0.05476190476,0.1112440191,0.09941191191,0.1124542144,0.001330570323,0.1,363,0.1008333333,6.915669012e-06,BIN_07
debt_ratio,numeric,9,BIN_08,0.4209385929,0.5053273992,840,62,778,0.07380952381,0.1495215311,0.09740990991,0.4285124533,0.02233047864,0.1,348,0.09666666667,0.0001130051723,BIN_08
debt_ratio,numeric,10,BIN_09,0.5053273992,inf,840,82,758,0.09761904762,0.1973684211,0.09490740741,0.7321703824,0.07501891954,0.1,374,0.1038888889,0.0001483679788,BIN_09
applications_90d,numeric,0,__MISSING__,,,0,0,0,,0,0,0,0,0,0,0,0,__MISSING__
applications_90d,numeric,1,BIN_00,-inf,0,1912,59,1853,0.03085774059,0.1432009627,0.2319919895,-0.4824538658,0.04283757412,0.2276190476,800,0.2222222222,0.0001294995538,BIN_00
applications_90d,numeric,2,BIN_01,0,1,2778,132,2646,0.0475161987,0.3188929001,0.331247262,-0.03800980159,0.000469586845,0.3307142857,1187,0.3297222222,2.980424918e-06,BIN_01
applications_90d,numeric,3,BIN_02,1,2,2090,115,1975,0.05502392344,0.2779783394,0.2472620314,0.1170945644,0.003596712697,0.2488095238,881,0.2447222222,6.770148569e-05,BIN_02
applications_90d,numeric,4,BIN_03,2,3,1093,71,1022,0.06495882891,0.1720818291,0.1279804744,0.2960924061,0.01305807624,0.1301190476,494,0.1372222222,0.0003775471509,BIN_03
applications_90d,numeric,5,BIN_04,3,inf,527,36,491,0.06831119545,0.08784596871,0.06151824269,0.3562511653,0.009379283074,0.06273809524,238,0.06611111111,0.0001766380464,BIN_04
days_since_last_event,numeric,0,__MISSING__,,,0,0,0,,0,0,0,0,0,0,0,0,__MISSING__
days_since_last_event,numeric,1,BIN_00,-inf,8.771920126,840,42,798,0.05,0.1016746411,0.09991241241,0.01748399608,3.081080031e-05,0.1,432,0.12,0.003646431136,BIN_00
days_since_last_event,numeric,2,BIN_01,8.771920126,18.11335341,840,37,803,0.04404761905,0.08971291866,0.100538038,-0.1139213644,0.001233212369,0.1,354,0.09833333333,2.801186386e-05,BIN_01
days_since_last_event,numeric,3,BIN_02,18.11335341,29.11813107,840,53,787,0.0630952381,0.1279904306,0.09853603604,0.261533171,0.007703301216,0.1,348,0.09666666667,0.0001130051723,BIN_02
days_since_last_event,numeric,4,BIN_03,29.11813107,41.03997875,840,41,799,0.04880952381,0.09928229665,0.1000375375,-0.007578217234,5.723379504e-06,0.1,324,0.09,0.001053605157,BIN_03
days_since_last_event,numeric,5,BIN_04,41.03997875,56.28533111,840,33,807,0.03928571429,0.08014354067,0.1010385385,-0.2316827285,0.004841010117,0.1,403,0.1119444444,0.001347721892,BIN_04
days_since_last_event,numeric,6,BIN_05,56.28533111,73.51754989,840,42,798,0.05,0.1016746411,0.09991241241,0.01748399608,3.081080031e-05,0.1,340,0.09444444444,0.0003175467436,BIN_05
days_since_last_event,numeric,7,BIN_06,73.51754989,98.16522257,840,37,803,0.04404761905,0.08971291866,0.100538038,-0.1139213644,0.001233212369,0.1,370,0.1027777778,7.610826163e-05,BIN_06
days_since_last_event,numeric,8,BIN_07,98.16522257,129.5603689,840,37,803,0.04404761905,0.08971291866,0.100538038,-0.1139213644,0.001233212369,0.1,318,0.08833333333,0.001447280901,BIN_07
days_since_last_event,numeric,9,BIN_08,129.5603689,182.114803,840,43,797,0.05119047619,0.1040669856,0.09978728729,0.04199399124,0.0001797216154,0.1,316,0.08777777778,0.001593311107,BIN_08
days_since_last_event,numeric,10,BIN_09,182.114803,inf,840,48,792,0.05714285714,0.1160287081,0.09916166166,0.15708618,0.002649579898,0.1,395,0.1097222222,0.0009020446308,BIN_09
region_cat,categorical,0,__MISSING__,,,0,0,0,,0,0,0,0,0,0,0,0,__MISSING__
region_cat,categorical,1,VALUE::north,,,2317,91,2226,0.03927492447,0.2204819277,0.2786957066,-0.2343047982,0.01363976772,0.2758333333,979,0.2719444444,5.5218417e-05,north
region_cat,categorical,2,VALUE::south,,,2139,135,2004,0.06311360449,0.3265060241,0.2509074978,0.2633640625,0.019909935,0.2546428571,902,0.2505555556,6.61379702e-05,south
region_cat,categorical,3,VALUE::east,,,2047,90,1957,0.04396678065,0.2180722892,0.2450244086,-0.1165312229,0.003140763434,0.2436904762,942,0.2616666667,0.001279411303,east
region_cat,categorical,4,VALUE::west,,,1897,97,1800,0.05113336848,0.234939759,0.225372387,0.04157504917,0.0003977639615,0.2258333333,777,0.2158333333,0.0004529075918,west
region_cat,categorical,5,__UNSEEN__,,,0,0,0,,0,0,0,0,0,0,0,0,__UNSEEN__
channel_cat,categorical,0,__MISSING__,,,0,0,0,,0,0,0,0,0,0,0,0,__MISSING__
channel_cat,categorical,1,VALUE::web,,,4660,210,4450,0.04506437768,0.507840772,0.5571133504,-0.09260076338,0.004562678376,0.5547619048,1643,0.4563888889,0.01920179774,web
channel_cat,categorical,2,VALUE::branch,,,2062,98,1964,0.04752667313,0.2376357057,0.2459160043,-0.03425117893,0.0002836099885,0.2454761905,0,0,3.046581601,branch
channel_cat,categorical,3,VALUE::partner,,,1678,105,1573,0.06257449344,0.2545235223,0.1969706453,0.2563385483,0.01475302094,0.1997619048,1087,0.3019444444,0.04221332999,partner
channel_cat,categorical,4,__UNSEEN__,,,0,0,0,,0,0,0,0,0,870,0.2416666667,2.995521977,__UNSEEN__
occupation_cat,categorical,0,__MISSING__,,,0,0,0,,0,0,0,0,0,0,0,0,__MISSING__
occupation_cat,categorical,1,VALUE::occupation_000,,,80,5,75,0.0625,0.01186623517,0.009393468118,0.2336824195,0.0005778421869,0.009523809524,31,0.008611111111,9.194667085e-05,occupation_000
occupation_cat,categorical,2,VALUE::occupation_129,,,77,3,74,0.03896103896,0.007551240561,0.009269051322,-0.2049691734,0.0003520982516,0.009166666667,33,0.009166666667,0,occupation_129
occupation_cat,categorical,3,VALUE::occupation_093,,,76,6,70,0.07894736842,0.01402373247,0.008771384137,0.4692564506,0.002464698336,0.009047619048,30,0.008333333333,5.874149874e-05,occupation_093
occupation_cat,categorical,4,VALUE::occupation_021,,,71,5,66,0.07042253521,0.01186623517,0.008273716952,0.3606131281,0.001295509231,0.008452380952,19,0.005277777778,0.001495057262,occupation_021
occupation_cat,categorical,5,VALUE::occupation_062,,,71,5,66,0.07042253521,0.01186623517,0.008273716952,0.3606131281,0.001295509231,0.008452380952,34,0.009444444444,0.0001100977262,occupation_062
occupation_cat,categorical,6,VALUE::occupation_081,,,71,1,70,0.01408450704,0.003236245955,0.008771384137,-0.9970806182,0.005518979,0.008452380952,18,0.005,0.001812535417,occupation_081
occupation_cat,categorical,7,VALUE::occupation_135,,,71,2,69,0.02816901408,0.005393743258,0.008646967341,-0.4719690372,0.001535421038,0.008452380952,24,0.006666666667,0.0004238003327,occupation_135
occupation_cat,categorical,8,VALUE::occupation_024,,,70,7,63,0.1,0.01618122977,0.007900466563,0.7169300982,0.005936728382,0.008333333333,32,0.008888888889,3.585473397e-05,occupation_024
occupation_cat,categorical,9,VALUE::occupation_060,,,70,1,69,0.01428571429,0.003236245955,0.008646967341,-0.9827946609,0.00531762809,0.008333333333,32,0.008888888889,3.585473397e-05,occupation_060
occupation_cat,categorical,10,VALUE::occupation_108,,,70,3,67,0.04285714286,0.007551240561,0.008398133748,-0.1062976458,9.002275207e-05,0.008333333333,27,0.0075,8.780042971e-05,occupation_108
occupation_cat,categorical,11,VALUE::occupation_017,,,69,3,66,0.04347826087,0.007551240561,0.008273716952,-0.09137199563,6.601410962e-05,0.008214285714,16,0.004444444444,0.002315511611,occupation_017
occupation_cat,categorical,12,VALUE::occupation_044,,,69,6,63,0.08695652174,0.01402373247,0.007900466563,0.5738292545,0.003513709111,0.008214285714,22,0.006111111111,0.0006220479411,occupation_044
occupation_cat,categorical,13,VALUE::occupation_069,,,69,2,67,0.02898550725,0.005393743258,0.008398133748,-0.4427698825,0.001330253624,0.008214285714,34,0.009444444444,0.000171670964,occupation_069
occupation_cat,categorical,14,VALUE::occupation_097,,,69,4,65,0.05797101449,0.009708737864,0.008149300156,0.1750942377,0.0002730485568,0.008214285714,31,0.008611111111,1.87216509e-05,occupation_097
occupation_cat,categorical,15,VALUE::occupation_104,,,69,3,66,0.04347826087,0.007551240561,0.008273716952,-0.09137199563,6.601410962e-05,0.008214285714,32,0.008888888889,5.324457921e-05,occupation_104
occupation_cat,categorical,16,VALUE::occupation_117,,,69,3,66,0.04347826087,0.007551240561,0.008273716952,-0.09137199563,6.601410962e-05,0.008214285714,23,0.006388888889,0.0004587485596,occupation_117
occupation_cat,categorical,17,VALUE::occupation_128,,,69,3,66,0.04347826087,0.007551240561,0.008273716952,-0.09137199563,6.601410962e-05,0.008214285714,27,0.0075,6.497984158e-05,occupation_128
occupation_cat,categorical,18,VALUE::occupation_006,,,68,4,64,0.05882352941,0.009708737864,0.008024883359,0.1904791565,0.0003207391858,0.008095238095,36,0.01,0.0004024935117,occupation_006
occupation_cat,categorical,19,VALUE::occupation_016,,,68,5,63,0.07352941176,0.01186623517,0.007900466563,0.4067751699,0.001613176198,0.008095238095,23,0.006388888889,0.0004039195254,occupation_016
occupation_cat,categorical,20,VALUE::occupation_025,,,68,1,67,0.01470588235,0.003236245955,0.008398133748,-0.9535955062,0.004922353003,0.008095238095,25,0.006944444444,0.0001764558166,occupation_025
occupation_cat,categorical,21,VALUE::occupation_057,,,68,3,65,0.04411764706,0.007551240561,0.008149300156,-0.07622019061,4.558421629e-05,0.008095238095,24,0.006666666667,0.0002773657349,occupation_057
occupation_cat,categorical,22,VALUE::occupation_072,,,68,1,67,0.01470588235,0.003236245955,0.008398133748,-0.9535955062,0.004922353003,0.008095238095,12,0.003333333333,0.00422525331,occupation_072
occupation_cat,categorical,23,VALUE::occupation_073,,,68,2,66,0.02941176471,0.005393743258,0.008273716952,-0.4278442322,0.001232180134,0.008095238095,24,0.006666666667,0.0002773657349,occupation_073
occupation_cat,categorical,24,VALUE::occupation_086,,,68,3,65,0.04411764706,0.007551240561,0.008149300156,-0.07622019061,4.558421629e-05,0.008095238095,29,0.008055555556,1.950005874e-07,occupation_086
occupation_cat,categorical,25,VALUE::occupation_088,,,68,4,64,0.05882352941,0.009708737864,0.008024883359,0.1904791565,0.0003207391858,0.008095238095,23,0.006388888889,0.0004039195254,occupation_088
occupation_cat,categorical,26,VALUE::occupation_113,,,68,1,67,0.01470588235,0.003236245955,0.008398133748,-0.9535955062,0.004922353003,0.008095238095,28,0.007777777778,1.270010623e-05,occupation_113
occupation_cat,categorical,27,VALUE::occupation_009,,,67,5,62,0.07462686567,0.01186623517,0.007776049767,0.422648519,0.001728710802,0.007976190476,21,0.005833333333,0.0006704406885,occupation_009
occupation_cat,categorical,28,VALUE::occupation_014,,,67,2,65,0.02985074627,0.005393743258,0.008149300156,-0.4126924272,0.001137197464,0.007976190476,23,0.006388888889,0.0003522230842,occupation_014
occupation_cat,categorical,29,VALUE::occupation_023,,,67,4,63,0.05970149254,0.009708737864,0.007900466563,0.2061044744,0.0003726928061,0.007976190476,29,0.008055555556,7.857992843e-07,occupation_023
occupation_cat,categorical,30,VALUE::occupation_037,,,67,5,62,0.07462686567,0.01186623517,0.007776049767,0.422648519,0.001728710802,0.007976190476,23,0.006388888889,0.0003522230842,occupation_037
occupation_cat,categorical,31,VALUE::occupation_065,,,67,9,58,0.1343283582,0.02049622438,0.007278382582,1.035332028,0.01368485495,0.007976190476,29,0.008055555556,7.857992843e-07,occupation_065
occupation_cat,categorical,32,VALUE::occupation_067,,,67,7,60,0.1044776119,0.01618122977,0.007527216174,0.765326639,0.006623147142,0.007976190476,23,0.006388888889,0.0003522230842,occupation_067
occupation_cat,categorical,33,VALUE::occupation_110,,,67,6,61,0.08955223881,0.01402373247,0.00765163297,0.6058319856,0.003860421693,0.007976190476,27,0.0075,2.931328238e-05,occupation_110
occupation_cat,categorical,34,VALUE::occupation_115,,,67,7,60,0.1044776119,0.01618122977,0.007527216174,0.765326639,0.006623147142,0.007976190476,24,0.006666666667,0.0002348512161,occupation_115
occupation_cat,categorical,35,VALUE::occupation_133,,,67,2,65,0.02985074627,0.005393743258,0.008149300156,-0.4126924272,0.001137197464,0.007976190476,23,0.006388888889,0.0003522230842,occupation_133
occupation_cat,categorical,36,VALUE::occupation_005,,,66,2,64,0.0303030303,0.005393743258,0.008024883359,-0.3973075084,0.001045371718,0.007857142857,25,0.006944444444,0.0001127009645,occupation_005
occupation_cat,categorical,37,VALUE::occupation_077,,,66,0,66,0,0.001078748652,0.008273716952,-2.037282145,0.01465818045,0.007857142857,30,0.008333333333,2.801928573e-05,occupation_077
occupation_cat,categorical,38,VALUE::occupation_059,,,65,1,64,0.01538461538,0.003236245955,0.008024883359,-0.9081331322,0.004348720285,0.007738095238,27,0.0075,7.441081787e-06,occupation_059
occupation_cat,categorical,39,VALUE::occupation_102,,,65,5,60,0.07692307692,0.01186623517,0.007527216174,0.4551717107,0.001974998698,0.007738095238,33,0.009166666667,0.0002420259314,occupation_102
occupation_cat,categorical,40,VALUE::occupation_112,,,65,2,63,0.03076923077,0.005393743258,0.007900466563,-0.3816821905,0.0009567716421,0.007738095238,21,0.005833333333,0.0005382228034,occupation_112
occupation_cat,categorical,41,VALUE::occupation_116,,,65,4,61,0.06153846154,0.009708737864,0.00765163297,0.2381072055,0.0004898114976,0.007738095238,20,0.005555555556,0.0007232000983,occupation_116
occupation_cat,categorical,42,VALUE::occupation_001,,,64,1,63,0.015625,0.003236245955,0.007900466563,-0.8925078143,0.00416285334,0.007619047619,25,0.006944444444,6.254205428e-05,occupation_001
occupation_cat,categorical,43,VALUE::occupation_058,,,64,2,62,0.03125,0.005393743258,0.007776049767,-0.3658088413,0.0008714687837,0.007619047619,30,0.008333333333,6.400868478e-05,occupation_058
occupation_cat,categorical,44,VALUE::occupation_010,,,63,2,61,0.03174603175,0.005393743258,0.00765163297,-0.3496794594,0.0007895376541,0.0075,24,0.006666666667,9.815252971e-05,occupation_010
occupation_cat,categorical,45,VALUE::occupation_078,,,63,2,61,0.03174603175,0.005393743258,0.00765163297,-0.3496794594,0.0007895376541,0.0075,25,0.006944444444,4.275613396e-05,occupation_078
occupation_cat,categorical,46,VALUE::occupation_080,,,63,2,61,0.03174603175,0.005393743258,0.00765163297,-0.3496794594,0.0007895376541,0.0075,26,0.007222222222,1.048342444e-05,occupation_080
occupation_cat,categorical,47,VALUE::occupation_085,,,63,4,59,0.06349206349,0.009708737864,0.007402799378,0.2711680678,0.0006252968837,0.0075,24,0.006666666667,9.815252971e-05,occupation_085
occupation_cat,categorical,48,VALUE::occupation_090,,,63,5,58,0.07936507937,0.01186623517,0.007278382582,0.4887883215,0.002242488765,0.0075,30,0.008333333333,8.780042971e-05,occupation_090
occupation_cat,categorical,49,VALUE::occupation_092,,,63,6,57,0.09523809524,0.01402373247,0.007153965785,0.6730842126,0.0046239315,0.0075,33,0.009166666667,0.0003344511591,occupation_092
occupation_cat,categorical,50,VALUE::occupation_095,,,63,0,63,0,0.001078748652,0.007900466563,-1.991120103,0.01358285967,0.0075,22,0.006111111111,0.0002844366842,occupation_095
occupation_cat,categorical,51,VALUE::occupation_105,,,63,3,60,0.04761904762,0.007551240561,0.007527216174,0.003186586999,7.655579852e-08,0.0075,20,0.005555555556,0.0005835367075,occupation_105
occupation_cat,categorical,52,VALUE::occupation_120,,,63,4,59,0.06349206349,0.009708737864,0.007402799378,0.2711680678,0.0006252968837,0.0075,21,0.005833333333,0.0004188573805,occupation_120
occupation_cat,categorical,53,VALUE::occupation_127,,,63,6,57,0.09523809524,0.01402373247,0.007153965785,0.6730842126,0.0046239315,0.0075,19,0.005277777778,0.000780884193,occupation_127
occupation_cat,categorical,54,VALUE::occupation_137,,,62,3,59,0.04838709677,0.007551240561,0.007402799378,0.01985363948,2.947097732e-06,0.007380952381,20,0.005555555556,0.000518602998,occupation_137
occupation_cat,categorical,55,VALUE::occupation_018,,,61,0,61,0,0.001078748652,0.00765163297,-1.959117372,0.01287705185,0.007261904762,22,0.006111111111,0.0001985505144,occupation_018
occupation_cat,categorical,56,VALUE::occupation_034,,,61,2,59,0.03278688525,0.005393743258,0.007402799378,-0.3166185971,0.0006361045303,0.007261904762,26,0.007222222222,2.174391176e-07,occupation_034
occupation_cat,categorical,57,VALUE::occupation_039,,,61,4,57,0.06557377049,0.009708737864,0.007153965785,0.3053594325,0.0007801237522,0.007261904762,21,0.005833333333,0.0003129336658,occupation_039
occupation_cat,categorical,58,VALUE::occupation_040,,,61,4,57,0.06557377049,0.009708737864,0.007153965785,0.3053594325,0.0007801237522,0.007261904762,25,0.006944444444,1.419053299e-05,occupation_040
occupation_cat,categorical,59,VALUE::occupation_046,,,61,5,56,0.08196721311,0.01186623517,0.007029548989,0.5235744376,0.002532365246,0.007261904762,22,0.006111111111,0.0001985505144,occupation_046
occupation_cat,categorical,60,VALUE::occupation_071,,,61,3,58,0.04918032787,0.007551240561,0.007278382582,0.0368031978,1.004204618e-05,0.007261904762,18,0.005,0.0008441524609,occupation_071
occupation_cat,categorical,61,VALUE::occupation_074,,,61,2,59,0.03278688525,0.005393743258,0.007402799378,-0.3166185971,0.0006361045303,0.007261904762,29,0.008055555556,8.231732238e-05,occupation_074
occupation_cat,categorical,62,VALUE::occupation_079,,,61,3,58,0.04918032787,0.007551240561,0.007278382582,0.0368031978,1.004204618e-05,0.007261904762,28,0.007777777778,3.540359457e-05,occupation_079
occupation_cat,categorical,63,VALUE::occupation_103,,,61,2,59,0.03278688525,0.005393743258,0.007402799378,-0.3166185971,0.0006361045303,0.007261904762,16,0.004444444444,0.001383337182,occupation_103
occupation_cat,categorical,64,VALUE::occupation_107,,,61,1,60,0.01639344262,0.003236245955,0.007527216174,-0.8441112734,0.003622056336,0.007261904762,21,0.005833333333,0.0003129336658,occupation_107
occupation_cat,categorical,65,VALUE::occupation_121,,,61,3,58,0.04918032787,0.007551240561,0.007278382582,0.0368031978,1.004204618e-05,0.007261904762,28,0.007777777778,3.540359457e-05,occupation_121
occupation_cat,categorical,66,VALUE::occupation_139,,,61,3,58,0.04918032787,0.007551240561,0.007278382582,0.0368031978,1.004204618e-05,0.007261904762,28,0.007777777778,3.540359457e-05,occupation_139
occupation_cat,categorical,67,VALUE::occupation_030,,,60,2,58,0.03333333333,0.005393743258,0.007278382582,-0.2996690388,0.0005647680547,0.007142857143,23,0.006388888889,8.410703302e-05,occupation_030
occupation_cat,categorical,68,VALUE::occupation_035,,,60,3,57,0.05,0.007551240561,0.007153965785,0.05404500423,2.147071693e-05,0.007142857143,28,0.007777777778,5.406844974e-05,occupation_035
occupation_cat,categorical,69,VALUE::occupation_049,,,60,2,58,0.03333333333,0.005393743258,0.007278382582,-0.2996690388,0.0005647680547,0.007142857143,19,0.005277777778,0.0005643874193,occupation_049
occupation_cat,categorical,70,VALUE::occupation_055,,,60,3,57,0.05,0.007551240561,0.007153965785,0.05404500423,2.147071693e-05,0.007142857143,25,0.006944444444,5.589459716e-06,occupation_055
occupation_cat,categorical,71,VALUE::occupation_098,,,60,1,59,0.01666666667,0.003236245955,0.007402799378,-0.8274442209,0.003447590551,0.007142857143,29,0.008055555556,0.0001097511884,occupation_098
occupation_cat,categorical,72,VALUE::occupation_122,,,60,2,58,0.03333333333,0.005393743258,0.007278382582,-0.2996690388,0.0005647680547,0.007142857143,20,0.005555555556,0.0003989117909,occupation_122
occupation_cat,categorical,73,VALUE::occupation_130,,,60,2,58,0.03333333333,0.005393743258,0.007278382582,-0.2996690388,0.0005647680547,0.007142857143,16,0.004444444444,0.001280283437,occupation_130
occupation_cat,categorical,74,VALUE::occupation_028,,,59,3,56,0.05084745763,0.007551240561,0.007029548989,0.07158931388,3.734754169e-05,0.007023809524,44,0.01222222222,0.002879660976,occupation_028
occupation_cat,categorical,75,VALUE::occupation_029,,,59,2,57,0.03389830508,0.005393743258,0.007153965785,-0.2824272324,0.0004971347768,0.007023809524,34,0.009444444444,0.0007168006908,occupation_029
occupation_cat,categorical,76,VALUE::occupation_043,,,59,3,56,0.05084745763,0.007551240561,0.007029548989,0.07158931388,3.734754169e-05,0.007023809524,28,0.007777777778,7.687831772e-05,occupation_043
occupation_cat,categorical,77,VALUE::occupation_050,,,59,6,53,0.1016949153,0.01402373247,0.0066562986,0.7451875065,0.005490119675,0.007023809524,28,0.007777777778,7.687831772e-05,occupation_050
occupation_cat,categorical,78,VALUE::occupation_091,,,59,4,55,0.06779661017,0.009708737864,0.006905132193,0.3407613596,0.0009553604802,0.007023809524,34,0.009444444444,0.0007168006908,occupation_091
occupation_cat,categorical,79,VALUE::occupation_026,,,58,0,58,0,0.001078748652,0.007278382582,-1.909106951,0.01183576423,0.006904761905,22,0.006111111111,9.690690222e-05,occupation_026
occupation_cat,categorical,80,VALUE::occupation_027,,,58,3,55,0.05172413793,0.007551240561,0.006905132193,0.08944693128,5.77924108e-05,0.006904761905,26,0.007222222222,1.427028186e-05,occupation_027
occupation_cat,categorical,81,VALUE::occupation_041,,,58,2,56,0.03448275862,0.005393743258,0.007029548989,-0.2648829227,0.0004332970031,0.006904761905,29,0.008055555556,0.0001773956236,occupation_041
occupation_cat,categorical,82,VALUE::occupation_051,,,58,3,55,0.05172413793,0.007551240561,0.006905132193,0.08944693128,5.77924108e-05,0.006904761905,22,0.006111111111,9.690690222e-05,occupation_051
occupation_cat,categorical,83,VALUE::occupation_056,,,58,3,55,0.05172413793,0.007551240561,0.006905132193,0.08944693128,5.77924108e-05,0.006904761905,33,0.009166666667,0.0006409387875,occupation_056
occupation_cat,categorical,84,VALUE::occupation_063,,,58,7,51,0.1206896552,0.01618122977,0.006407465008,0.9263881964,0.009054300313,0.006904761905,25,0.006944444444,2.274077265e-07,occupation_063
occupation_cat,categorical,85,VALUE::occupation_075,,,58,5,53,0.08620689655,0.01186623517,0.0066562986,0.5781334219,0.003012038455,0.006904761905,32,0.008888888889,0.0005011721283,occupation_075
occupation_cat,categorical,86,VALUE::occupation_126,,,58,0,58,0,0.001078748652,0.007278382582,-1.909106951,0.01183576423,0.006904761905,30,0.008333333333,0.000268646045,occupation_126
occupation_cat,categorical,87,VALUE::occupation_131,,,58,2,56,0.03448275862,0.005393743258,0.007029548989,-0.2648829227,0.0004332970031,0.006904761905,28,0.007777777778,0.0001039407111,occupation_131
occupation_cat,categorical,88,VALUE::occupation_036,,,57,1,56,0.01754385965,0.003236245955,0.007029548989,-0.7757085465,0.002942497583,0.006785714286,26,0.007222222222,2.721327128e-05,occupation_036
occupation_cat,categorical,89,VALUE::occupation_052,,,57,5,52,0.08771929825,0.01186623517,0.006531881804,0.5970019062,0.003184619126,0.006785714286,34,0.009444444444,0.0008789951131,occupation_052
occupation_cat,categorical,90,VALUE::occupation_083,,,57,6,51,0.1052631579,0.01402373247,0.006407465008,0.7832873528,0.005965725979,0.006785714286,28,0.007777777778,0.0001353681575,occupation_083
occupation_cat,categorical,91,VALUE::occupation_094,,,57,2,55,0.0350877193,0.005393743258,0.006905132193,-0.2470253053,0.0003733513132,0.006785714286,27,0.0075,7.148818468e-05,occupation_094
occupation_cat,categorical,92,VALUE::occupation_099,,,57,4,53,0.0701754386,0.009708737864,0.0066562986,0.3774627264,0.001152182047,0.006785714286,18,0.005,0.0005453243742,occupation_099
occupation_cat,categorical,93,VALUE::occupation_106,,,57,1,56,0.01754385965,0.003236245955,0.007029548989,-0.7757085465,0.002942497583,0.006785714286,26,0.007222222222,2.721327128e-05,occupation_106
occupation_cat,categorical,94,VALUE::occupation_118,,,57,4,53,0.0701754386,0.009708737864,0.0066562986,0.3774627264,0.001152182047,0.006785714286,30,0.008333333333,0.0003179490077,occupation_118
occupation_cat,categorical,95,VALUE::occupation_125,,,57,5,52,0.08771929825,0.01186623517,0.006531881804,0.5970019062,0.003184619126,0.006785714286,31,0.008611111111,0.0004348712168,occupation_125
occupation_cat,categorical,96,VALUE::occupation_008,,,56,3,53,0.05357142857,0.007551240561,0.0066562986,0.1261482981,0.0001128954053,0.006666666667,22,0.006111111111,4.833965388e-05,occupation_008
occupation_cat,categorical,97,VALUE::occupation_011,,,56,3,53,0.05357142857,0.007551240561,0.0066562986,0.1261482981,0.0001128954053,0.006666666667,25,0.006944444444,1.133944292e-05,occupation_011
occupation_cat,categorical,98,VALUE::occupation_020,,,56,2,54,0.03571428571,0.005393743258,0.006780715397,-0.2288429863,0.0003173988461,0.006666666667,26,0.007222222222,4.446817093e-05,occupation_020
occupation_cat,categorical,99,VALUE::occupation_066,,,56,2,54,0.03571428571,0.005393743258,0.006780715397,-0.2288429863,0.0003173988461,0.006666666667,29,0.008055555556,0.0002628361106,occupation_066
occupation_cat,categorical,100,VALUE::occupation_082,,,56,1,55,0.01785714286,0.003236245955,0.006905132193,-0.7578509291,0.002780468844,0.006666666667,24,0.006666666667,0,occupation_082
occupation_cat,categorical,101,__OTHER__,,,2058,97,1961,0.04713313897,0.2103559871,0.2440435459,-0.1485454041,0.005004132039,0.245,1009,0.2802777778,0.004745671242,__OTHER__
occupation_cat,categorical,102,__UNSEEN__,,,0,0,0,,0,0,0,0,0,0,0,0,__UNSEEN__
sparse_signal,numeric,0,__MISSING__,,,8151,393,7758,0.04821494295,0.9402628435,0.9707225524,-0.03188123666,0.0009710931882,0.9703571429,3491,0.9697222222,4.155749855e-07,__MISSING__
sparse_signal,numeric,1,BIN_00,-inf,0.5106219114,25,6,19,0.24,0.01553166069,0.002439787301,1.850969702,0.024232661,0.002976190476,14,0.003888888889,0.000244127992,BIN_00
sparse_signal,numeric,2,BIN_01,0.5106219114,0.6662485979,25,0,25,0,0.00119474313,0.003190491085,-0.9822436417,0.001960310739,0.002976190476,4,0.001111111111,0.001837632117,BIN_01
sparse_signal,numeric,3,BIN_02,0.6662485979,0.8236313858,25,1,24,0.04,0.003584229391,0.003065373788,0.1563739816,8.113551646e-05,0.002976190476,13,0.003611111111,0.0001227754876,BIN_02
sparse_signal,numeric,4,BIN_03,0.8236313858,0.9357379853,25,3,22,0.12,0.008363201912,0.002815139193,1.08882965,0.00604089519,0.002976190476,15,0.004166666667,0.0004005621865,BIN_03
sparse_signal,numeric,5,BIN_04,0.9357379853,0.9985124175,25,3,22,0.12,0.008363201912,0.002815139193,1.08882965,0.00604089519,0.002976190476,6,0.001666666667,0.0007592861247,BIN_04
sparse_signal,numeric,6,BIN_05,0.9985124175,1.090492548,24,0,24,0,0.00119474313,0.003065373788,-0.9422383071,0.001762579864,0.002857142857,8,0.002222222222,0.0001595647164,BIN_05
sparse_signal,numeric,7,BIN_06,1.090492548,1.196210117,25,2,23,0.08,0.005973715651,0.00294025649,0.7088723017,0.002150335177,0.002976190476,7,0.001944444444,0.0004391810794,BIN_06
sparse_signal,numeric,8,BIN_07,1.196210117,1.326147644,25,3,22,0.12,0.008363201912,0.002815139193,1.08882965,0.00604089519,0.002976190476,9,0.0025,8.302542245e-05,BIN_07
sparse_signal,numeric,9,BIN_08,1.326147644,1.497758041,25,1,24,0.04,0.003584229391,0.003065373788,0.1563739816,8.113551646e-05,0.002976190476,15,0.004166666667,0.0004005621865,BIN_08
sparse_signal,numeric,10,BIN_09,1.497758041,inf,25,1,24,0.04,0.003584229391,0.003065373788,0.1563739816,8.113551646e-05,0.002976190476,18,0.005,0.00104993982,BIN_09
extreme_sparse,numeric,0,__MISSING__,,,8382,413,7969,0.04927225006,0.9880525687,0.9971223022,-0.009137529091,8.287495334e-05,0.9978571429,3594,0.9983333333,2.27190117e-07,__MISSING__
extreme_sparse,numeric,1,BIN_00,-inf,-0.8769392205,2,0,2,0,0.00119474313,0.0003127932437,1.340144079,0.001181939918,0.0002380952381,3,0.0008333333333,0.0007456922432,BIN_00
extreme_sparse,numeric,2,BIN_01,-0.8769392205,-0.4083942173,2,0,2,0,0.00119474313,0.0003127932437,1.340144079,0.001181939918,0.0002380952381,0,0,0.001297544175,BIN_01
extreme_sparse,numeric,3,BIN_02,-0.4083942173,-0.3134054489,2,0,2,0,0.00119474313,0.0003127932437,1.340144079,0.001181939918,0.0002380952381,0,0,0.001297544175,BIN_02
extreme_sparse,numeric,4,BIN_03,-0.3134054489,-0.2543968366,1,0,1,0,0.00119474313,0.0001876759462,1.850969702,0.001864050846,0.000119047619,1,0.0002777777778,0.0001344917239,BIN_03
extreme_sparse,numeric,5,BIN_04,-0.2543968366,-0.1423128172,2,0,2,0,0.00119474313,0.0003127932437,1.340144079,0.001181939918,0.0002380952381,0,0,0.001297544175,BIN_04
extreme_sparse,numeric,6,BIN_05,-0.1423128172,-0.06411340197,2,0,2,0,0.00119474313,0.0003127932437,1.340144079,0.001181939918,0.0002380952381,0,0,0.001297544175,BIN_05
extreme_sparse,numeric,7,BIN_06,-0.06411340197,0.1493588332,1,0,1,0,0.00119474313,0.0001876759462,1.850969702,0.001864050846,0.000119047619,0,0,0.000564211378,BIN_06
extreme_sparse,numeric,8,BIN_07,0.1493588332,0.3465767681,2,0,2,0,0.00119474313,0.0003127932437,1.340144079,0.001181939918,0.0002380952381,0,0,0.001297544175,BIN_07
extreme_sparse,numeric,9,BIN_08,0.3465767681,1.46131069,2,0,2,0,0.00119474313,0.0003127932437,1.340144079,0.001181939918,0.0002380952381,1,0.0002777777778,6.117090469e-06,BIN_08
extreme_sparse,numeric,10,BIN_09,1.46131069,inf,2,0,2,0,0.00119474313,0.0003127932437,1.340144079,0.001181939918,0.0002380952381,1,0.0002777777778,6.117090469e-06,BIN_09
drift_signal,numeric,0,__MISSING__,,,0,0,0,,0,0,0,0,0,0,0,0,__MISSING__
drift_signal,numeric,1,BIN_00,-inf,-1.309153129,840,36,804,0.04285714286,0.08732057416,0.1006631632,-0.142193818,0.001897233673,0.1,14,0.003888888889,0.3120772663,BIN_00
drift_signal,numeric,2,BIN_01,-1.309153129,-0.8638129378,840,42,798,0.05,0.1016746411,0.09991241241,0.01748399608,3.081080031e-05,0.1,32,0.008888888889,0.2205224295,BIN_01
drift_signal,numeric,3,BIN_02,-0.8638129378,-0.5228466835,840,45,795,0.05357142857,0.1088516746,0.09953703704,0.08945636598,0.0008332536305,0.1,57,0.01583333333,0.1551236076,BIN_02
drift_signal,numeric,4,BIN_03,-0.5228466835,-0.242722411,840,30,810,0.03571428571,0.07296650718,0.1014139139,-0.3292097698,0.009365164222,0.1,94,0.02611111111,0.09921868341,BIN_03
drift_signal,numeric,5,BIN_04,-0.242722411,0.01233416544,840,45,795,0.05357142857,0.1088516746,0.09953703704,0.08945636598,0.0008332536305,0.1,126,0.035,0.06823843809,BIN_04
drift_signal,numeric,6,BIN_05,0.01233416544,0.2525756077,840,41,799,0.04880952381,0.09928229665,0.1000375375,-0.007578217234,5.723379504e-06,0.1,169,0.04694444444,0.04012089318,BIN_05
drift_signal,numeric,7,BIN_06,0.2525756077,0.5200151645,840,44,796,0.05238095238,0.1064593301,0.09966216216,0.06597694763,0.0004484563959,0.1,247,0.06861111111,0.01182468709,BIN_06
drift_signal,numeric,8,BIN_07,0.5200151645,0.8250466779,840,46,794,0.05476190476,0.1112440191,0.09941191191,0.1124542144,0.001330570323,0.1,316,0.08777777778,0.001593311107,BIN_07
drift_signal,numeric,9,BIN_08,0.8250466779,1.274628188,840,37,803,0.04404761905,0.08971291866,0.100538038,-0.1139213644,0.001233212369,0.1,583,0.1619444444,0.02986237321,BIN_08
drift_signal,numeric,10,BIN_09,1.274628188,inf,840,47,793,0.05595238095,0.1136363636,0.09928678679,0.1349910589,0.001937064573,0.1,1962,0.545,0.7545489459,BIN_09
missing_category,categorical,0,__MISSING__,,,2189,112,2077,0.05116491549,0.2717391304,0.2600776164,0.04386241563,0.0005115021743,0.2605952381,889,0.2469444444,0.0007344809745,__MISSING__
missing_category,categorical,1,VALUE::known,,,6211,301,5910,0.04846240541,0.7282608696,0.7399223836,-0.01588597231,0.0001852544887,0.7394047619,2711,0.7530555556,0.0002497210302,known
missing_category,categorical,2,__UNSEEN__,,,0,0,0,,0,0,0,0,0,0,0,0,__UNSEEN__
constant_feature,numeric,0,__MISSING__,,,0,0,0,,0,0,0,0,0,0,0,0,__MISSING__
constant_feature,numeric,1,BIN_00,-inf,inf,8400,413,7987,0.04916666667,1,1,0,0,1,3600,1,0,BIN_00
