feature,feature_type,reference_missing_rate,actual_missing_rate,missing_rate_shift,reference_unique_nonmissing,constant_reference,sparse_rescue_candidate,extreme_sparse,iv,psi,high_drift,is_time_proxy,n_scored,bad_rate,auc,ks,lift_10,lift_20,status
missing_category,categorical,0.2605952381,0.2469444444,-0.01365079365,1,True,False,False,0.000696756663,0.0009842020047,False,False,3600,0.04944444444,0.4794439811,0.04111203777,0.841748714,0.841748714,CONSTANT_REVIEW
constant_feature,numeric,0,0,0,1,True,False,False,0,0,False,False,3600,0.04944444444,0.5,0,1,1,CONSTANT_REVIEW
extreme_sparse,numeric,0.9978571429,0.9983333333,0.0004761904762,18,False,False,True,0.01326649599,0.007944577593,False,False,3600,0.04944444444,0.4991233197,0.001753360608,0.9849749583,0.9933222037,EXTREME_SPARSE_REVIEW
channel_cat,categorical,0,0,0,3,False,False,False,0.01959930931,6.103518706,True,False,3600,0.04944444444,0.5181114927,0.07242298675,1.227995824,1.227995824,HIGH_DRIFT_REVIEW
drift_signal,numeric,0,0,0,8400,False,False,False,0.017914743,1.693130635,True,False,3600,0.04944444444,0.5103149482,0.03053277208,1.04112978,1.04112978,HIGH_DRIFT_REVIEW
occupation_cat,categorical,0,0,0,140,False,False,False,0.2438380845,0.04128662027,False,False,3600,0.04944444444,0.5369748948,0.09311855213,1.114817416,1.199316072,KEEP_CANDIDATE
debt_ratio,numeric,0,0,0,8400,False,False,False,0.1568998987,0.001321303659,False,False,3600,0.04944444444,0.597849999,0.1971217305,1.784534038,1.62517758,KEEP_CANDIDATE
applications_90d,numeric,0,0,0,9,False,False,False,0.06934123297,0.0007543666617,False,False,3600,0.04944444444,0.555801358,0.08602630698,1.258245008,1.325114861,KEEP_CANDIDATE
age_yrs,numeric,0,0,0,8292,False,False,False,0.04321781675,0.004727856322,False,False,3600,0.04944444444,0.5077374425,0.03270969733,1.264044944,0.951011236,KEEP_CANDIDATE
credit_amt,numeric,0,0,0,8400,False,False,False,0.03797368336,0.002053265778,False,False,3600,0.04944444444,0.5019438005,0.06478568943,0.7771294879,0.8564888363,KEEP_CANDIDATE
region_cat,categorical,0,0,0,4,False,False,False,0.03708823011,0.001853675282,False,False,3600,0.04944444444,0.5611812857,0.09446148189,1.233214579,1.233214579,KEEP_CANDIDATE
income_amt,numeric,0,0,0,8400,False,False,False,0.02812262895,0.005021114439,False,False,3600,0.04944444444,0.5174638328,0.05118565265,1.090281353,1.140843005,KEEP_CANDIDATE
days_since_last_event,numeric,0,0,0,8390,False,False,False,0.01914059494,0.01052506686,False,False,3600,0.04944444444,0.4867003986,0.0307724637,0.7134120324,0.9455269521,KEEP_CANDIDATE
income_duplicate_corr,numeric,0,0,0,8400,False,False,False,0.01880815513,0.006027701952,False,False,3600,0.04944444444,0.509586023,0.03203330728,1.075782931,1.084462364,KEEP_CANDIDATE
sparse_signal,numeric,0.9703571429,0.9697222222,-0.0006349206349,249,False,True,False,0.04944307208,0.005497072708,False,False,3600,0.04944444444,0.5198853749,0.03666625076,1.324787013,1.146141442,SPARSE_RESCUE_CANDIDATE
