score,week_num,n,bad_rate,auc,gini
existing_simulated_oof,0,200,0.06,0.5930851064,0.1861702128
existing_simulated_oof,1,200,0.065,0.5446318387,0.0892636775
existing_simulated_oof,2,200,0.045,0.3827806864,-0.2344386271
existing_simulated_oof,3,200,0.075,0.5437837838,0.08756756757
existing_simulated_oof,4,200,0.06,0.490248227,-0.0195035461
existing_simulated_oof,5,200,0.045,0.502617801,0.005235602094
existing_simulated_oof,6,200,0.075,0.5073873874,0.01477477477
existing_simulated_oof,7,200,0.04,0.7473958333,0.4947916667
existing_simulated_oof,8,200,0.03,0.6512027491,0.3024054983
existing_simulated_oof,9,200,0.04,0.708984375,0.41796875
existing_simulated_oof,10,200,0.025,0.32,-0.36
existing_simulated_oof,11,200,0.055,0.6373256373,0.2746512747
existing_simulated_oof,12,200,0.045,0.5154159395,0.030831879
existing_simulated_oof,13,200,0.04,0.6002604167,0.2005208333
existing_simulated_oof,14,200,0.07,0.6009984639,0.2019969278
existing_simulated_oof,15,200,0.06,0.632535461,0.265070922
existing_simulated_oof,16,200,0.055,0.6354016354,0.2708032708
existing_simulated_oof,17,200,0.055,0.556998557,0.113997114
existing_simulated_oof,18,200,0.065,0.5487453723,0.09749074455
existing_simulated_oof,19,200,0.035,0.5070318283,0.01406365655
existing_simulated_oof,20,200,0.03,0.4931271478,-0.01374570447
existing_simulated_oof,21,200,0.035,0.6469282013,0.2938564027
existing_simulated_oof,22,200,0.05,0.4910526316,-0.01789473684
existing_simulated_oof,23,200,0.055,0.6113516114,0.2227032227
existing_simulated_oof,24,200,0.04,0.5657552083,0.1315104167
existing_simulated_oof,25,200,0.045,0.6591041303,0.3182082606
existing_simulated_oof,26,200,0.045,0.6684118674,0.3368237347
existing_simulated_oof,27,200,0.085,0.5255544841,0.05110896818
existing_simulated_oof,28,200,0.045,0.5625363583,0.1250727167
existing_simulated_oof,29,200,0.06,0.6560283688,0.3120567376
existing_simulated_oof,30,200,0.05,0.4242105263,-0.1515789474
existing_simulated_oof,31,200,0.045,0.6445607912,0.2891215823
existing_simulated_oof,32,200,0.03,0.3771477663,-0.2457044674
existing_simulated_oof,33,200,0.055,0.658970659,0.3179413179
existing_simulated_oof,34,200,0.075,0.5448648649,0.08972972973
existing_simulated_oof,35,200,0.055,0.5262145262,0.05242905243
existing_simulated_oof,36,200,0.05,0.4105263158,-0.1789473684
existing_simulated_oof,37,200,0.025,0.6461538462,0.2923076923
existing_simulated_oof,38,200,0.04,0.5520833333,0.1041666667
existing_simulated_oof,39,200,0.035,0.7224278312,0.4448556625
existing_simulated_oof,40,200,0.055,0.5079365079,0.01587301587
existing_simulated_oof,41,200,0.02,0.681122449,0.362244898
existing_simulated_oof,42,200,0.05,0.5284210526,0.05684210526
existing_simulated_oof,43,200,0.03,0.7276632302,0.4553264605
existing_simulated_oof,44,200,0.02,0.7244897959,0.4489795918
existing_simulated_oof,45,200,0.045,0.4252472368,-0.1495055265
existing_simulated_oof,46,200,0.06,0.7012411348,0.4024822695
existing_simulated_oof,47,200,0.045,0.6079115765,0.215823153
existing_simulated_oof,48,200,0.045,0.6119837115,0.2239674229
existing_simulated_oof,49,200,0.07,0.5637480799,0.1274961598
existing_simulated_oof,50,200,0.02,0.5586734694,0.1173469388
existing_simulated_oof,51,200,0.055,0.506974507,0.01394901395
existing_simulated_oof,52,200,0.07,0.5937019969,0.1874039939
existing_simulated_oof,53,200,0.045,0.4962187318,-0.007562536358
existing_simulated_oof,54,200,0.055,0.5209235209,0.04184704185
existing_simulated_oof,55,200,0.08,0.5499320652,0.09986413043
existing_simulated_oof,56,200,0.06,0.7593085106,0.5186170213
existing_simulated_oof,57,200,0.065,0.4417935006,-0.1164129988
existing_simulated_oof,58,200,0.035,0.6913397483,0.3826794967
existing_simulated_oof,59,200,0.04,0.5325520833,0.06510416667
challenger_simulated_oof,0,200,0.06,0.5762411348,0.1524822695
challenger_simulated_oof,1,200,0.065,0.4890991362,-0.02180172768
challenger_simulated_oof,2,200,0.045,0.5363583479,0.07271669575
challenger_simulated_oof,3,200,0.075,0.5992792793,0.1985585586
challenger_simulated_oof,4,200,0.06,0.5802304965,0.1604609929
challenger_simulated_oof,5,200,0.045,0.5869691681,0.1739383362
challenger_simulated_oof,6,200,0.075,0.529009009,0.05801801802
challenger_simulated_oof,7,200,0.04,0.4479166667,-0.1041666667
challenger_simulated_oof,8,200,0.03,0.3969072165,-0.206185567
challenger_simulated_oof,9,200,0.04,0.572265625,0.14453125
challenger_simulated_oof,10,200,0.025,0.7128205128,0.4256410256
challenger_simulated_oof,11,200,0.055,0.5411255411,0.08225108225
challenger_simulated_oof,12,200,0.045,0.6102385108,0.2204770215
challenger_simulated_oof,13,200,0.04,0.6705729167,0.3411458333
challenger_simulated_oof,14,200,0.07,0.6455453149,0.2910906298
challenger_simulated_oof,15,200,0.06,0.5598404255,0.1196808511
challenger_simulated_oof,16,200,0.055,0.5526695527,0.1053391053
challenger_simulated_oof,17,200,0.055,0.4622414622,-0.07551707552
challenger_simulated_oof,18,200,0.065,0.4858083093,-0.02838338132
challenger_simulated_oof,19,200,0.035,0.547742413,0.09548482605
challenger_simulated_oof,20,200,0.03,0.5042955326,0.008591065292
challenger_simulated_oof,21,200,0.035,0.526276832,0.05255366395
challenger_simulated_oof,22,200,0.05,0.4710526316,-0.05789473684
challenger_simulated_oof,23,200,0.055,0.5055315055,0.01106301106
challenger_simulated_oof,24,200,0.04,0.5904947917,0.1809895833
challenger_simulated_oof,25,200,0.045,0.7143688191,0.4287376382
challenger_simulated_oof,26,200,0.045,0.4950552647,-0.009889470622
challenger_simulated_oof,27,200,0.085,0.4802314368,-0.03953712633
challenger_simulated_oof,28,200,0.045,0.5276323444,0.05526468877
challenger_simulated_oof,29,200,0.06,0.6081560284,0.2163120567
challenger_simulated_oof,30,200,0.05,0.6205263158,0.2410526316
challenger_simulated_oof,31,200,0.045,0.6515415939,0.3030831879
challenger_simulated_oof,32,200,0.03,0.5094501718,0.01890034364
challenger_simulated_oof,33,200,0.055,0.5137085137,0.02741702742
challenger_simulated_oof,34,200,0.075,0.5423423423,0.08468468468
challenger_simulated_oof,35,200,0.055,0.4728234728,-0.05435305435
challenger_simulated_oof,36,200,0.05,0.4847368421,-0.03052631579
challenger_simulated_oof,37,200,0.025,0.5353846154,0.07076923077
challenger_simulated_oof,38,200,0.04,0.669921875,0.33984375
challenger_simulated_oof,39,200,0.035,0.5055514434,0.01110288675
challenger_simulated_oof,40,200,0.055,0.7152477152,0.4304954305
challenger_simulated_oof,41,200,0.02,0.8673469388,0.7346938776
challenger_simulated_oof,42,200,0.05,0.54,0.08
challenger_simulated_oof,43,200,0.03,0.839347079,0.6786941581
challenger_simulated_oof,44,200,0.02,0.3966836735,-0.2066326531
challenger_simulated_oof,45,200,0.045,0.4886561955,-0.02268760908
challenger_simulated_oof,46,200,0.06,0.5598404255,0.1196808511
challenger_simulated_oof,47,200,0.045,0.6637579988,0.3275159977
challenger_simulated_oof,48,200,0.045,0.4520069808,-0.09598603839
challenger_simulated_oof,49,200,0.07,0.5291858679,0.05837173579
challenger_simulated_oof,50,200,0.02,0.493622449,-0.01275510204
challenger_simulated_oof,51,200,0.055,0.5257335257,0.05146705147
challenger_simulated_oof,52,200,0.07,0.7043010753,0.4086021505
challenger_simulated_oof,53,200,0.045,0.6050029087,0.2100058173
challenger_simulated_oof,54,200,0.055,0.5868205868,0.1736411736
challenger_simulated_oof,55,200,0.08,0.5842391304,0.1684782609
challenger_simulated_oof,56,200,0.06,0.5682624113,0.1365248227
challenger_simulated_oof,57,200,0.065,0.6063348416,0.2126696833
challenger_simulated_oof,58,200,0.035,0.5766099186,0.1532198372
challenger_simulated_oof,59,200,0.04,0.6028645833,0.2057291667
