feature_a,feature_b,spearman,abs_spearman,recommend_keep,recommend_review,reason
MAX(credit_bureau_a_1.overdueamount_31A),MIN(credit_bureau_a_2.pmts_overdue_1152A),0.9902008618,0.9902008618,MIN(credit_bureau_a_2.pmts_overdue_1152A),MAX(credit_bureau_a_1.overdueamount_31A),"higher IV, then lower PSI/missingness; confirm business meaning before removal"
MAX(credit_bureau_a_1.overdueamountmax2_398A),MEAN(credit_bureau_a_2.pmts_overdue_1152A),0.9861390148,0.9861390148,MEAN(credit_bureau_a_2.pmts_overdue_1152A),MAX(credit_bureau_a_1.overdueamountmax2_398A),"higher IV, then lower PSI/missingness; confirm business meaning before removal"
MAX(credit_bureau_a_1.dpdmax_757P),MEAN(credit_bureau_a_2.pmts_overdue_1152A),0.97629552,0.97629552,MEAN(credit_bureau_a_2.pmts_overdue_1152A),MAX(credit_bureau_a_1.dpdmax_757P),"higher IV, then lower PSI/missingness; confirm business meaning before removal"
MAX(credit_bureau_a_1.dpdmax_757P),MAX(credit_bureau_a_1.overdueamountmax2_398A),0.9663732383,0.9663732383,MAX(credit_bureau_a_1.dpdmax_757P),MAX(credit_bureau_a_1.overdueamountmax2_398A),"higher IV, then lower PSI/missingness; confirm business meaning before removal"
MIN(credit_bureau_a_1.overdueamountmax2_398A),MIN(credit_bureau_a_2.pmts_overdue_1152A),0.9597019357,0.9597019357,MIN(credit_bureau_a_1.overdueamountmax2_398A),MIN(credit_bureau_a_2.pmts_overdue_1152A),"higher IV, then lower PSI/missingness; confirm business meaning before removal"
MAX(credit_bureau_a_1.overdueamount_31A),MIN(credit_bureau_a_1.overdueamountmax2_398A),0.9557287909,0.9557287909,MIN(credit_bureau_a_1.overdueamountmax2_398A),MAX(credit_bureau_a_1.overdueamount_31A),"higher IV, then lower PSI/missingness; confirm business meaning before removal"
MAX(credit_bureau_a_1.outstandingamount_354A),MAX(credit_bureau_a_1.overdueamount_31A),0.954085045,0.954085045,MAX(credit_bureau_a_1.overdueamount_31A),MAX(credit_bureau_a_1.outstandingamount_354A),"higher IV, then lower PSI/missingness; confirm business meaning before removal"
MAX(credit_bureau_a_1.outstandingamount_354A),MIN(credit_bureau_a_2.pmts_overdue_1152A),0.9359435633,0.9359435633,MIN(credit_bureau_a_2.pmts_overdue_1152A),MAX(credit_bureau_a_1.outstandingamount_354A),"higher IV, then lower PSI/missingness; confirm business meaning before removal"
MAX(static_0.avgpmtlast12m_4525200A),MAX(static_0.maxlnamtstart6m_4525199A),0.9350425337,0.9350425337,MAX(static_0.avgpmtlast12m_4525200A),MAX(static_0.maxlnamtstart6m_4525199A),"higher IV, then lower PSI/missingness; confirm business meaning before removal"
MAX(credit_bureau_a_1.overdueamountmax2_398A),SUM(credit_bureau_a_1.overdueamountmax2_398A),0.9307822294,0.9307822294,MAX(credit_bureau_a_1.overdueamountmax2_398A),SUM(credit_bureau_a_1.overdueamountmax2_398A),"higher IV, then lower PSI/missingness; confirm business meaning before removal"
SUM(credit_bureau_a_1.overdueamountmax2_398A),MEAN(credit_bureau_a_2.pmts_overdue_1152A),0.9161632721,0.9161632721,MEAN(credit_bureau_a_2.pmts_overdue_1152A),SUM(credit_bureau_a_1.overdueamountmax2_398A),"higher IV, then lower PSI/missingness; confirm business meaning before removal"
MAX(credit_bureau_a_1.overdueamount_31A),MIN(credit_bureau_a_1.monthlyinstlamount_674A),0.9110332099,0.9110332099,MIN(credit_bureau_a_1.monthlyinstlamount_674A),MAX(credit_bureau_a_1.overdueamount_31A),"higher IV, then lower PSI/missingness; confirm business meaning before removal"
MIN(credit_bureau_a_1.monthlyinstlamount_674A),MIN(credit_bureau_a_2.pmts_overdue_1152A),0.9068662007,0.9068662007,MIN(credit_bureau_a_1.monthlyinstlamount_674A),MIN(credit_bureau_a_2.pmts_overdue_1152A),"higher IV, then lower PSI/missingness; confirm business meaning before removal"
