fold_id,feature,split,encoding,unseen_count,row_count,unseen_rate
1,MODE(person_1.contaddr_district_15M),early_stopping,fold_train_native_category,9,86817,0.0001036663326
1,MODE(person_1.contaddr_district_15M),rolling_oof,fold_train_native_category,14,86704,0.0001614689057
1,MODE(person_1.contaddr_zipcode_807M),early_stopping,fold_train_native_category,32,86817,0.0003685914049
1,MODE(person_1.contaddr_zipcode_807M),rolling_oof,fold_train_native_category,24,86704,0.0002768038383
1,MODE(person_1.education_927M),early_stopping,fold_train_native_category,0,86817,0
1,MODE(person_1.education_927M),rolling_oof,fold_train_native_category,0,86704,0
1,MODE(person_1.empladdr_district_926M),early_stopping,fold_train_native_category,0,86817,0
1,MODE(person_1.empladdr_district_926M),rolling_oof,fold_train_native_category,0,86704,0
1,MODE(person_1.empladdr_zipcode_114M),early_stopping,fold_train_native_category,173,86817,0.001992697283
1,MODE(person_1.empladdr_zipcode_114M),rolling_oof,fold_train_native_category,245,86704,0.00282570585
1,MODE(person_1.incometype_1044T),early_stopping,fold_train_native_category,0,86817,0
1,MODE(person_1.incometype_1044T),rolling_oof,fold_train_native_category,1,86704,1.153349326e-05
1,MODE(person_1.language1_981M),early_stopping,fold_train_native_category,0,86817,0
1,MODE(person_1.language1_981M),rolling_oof,fold_train_native_category,0,86704,0
1,MODE(person_1.role_1084L),early_stopping,fold_train_native_category,0,86817,0
1,MODE(person_1.role_1084L),rolling_oof,fold_train_native_category,0,86704,0
1,MODE(person_1.sex_738L),early_stopping,fold_train_native_category,0,86817,0
1,MODE(person_1.sex_738L),rolling_oof,fold_train_native_category,0,86704,0
1,MODE(person_1.type_25L),early_stopping,fold_train_native_category,0,86817,0
1,MODE(person_1.type_25L),rolling_oof,fold_train_native_category,0,86704,0
1,MODE(credit_bureau_a_1.classificationofcontr_400M),early_stopping,fold_train_native_category,7,86817,8.062936982e-05
1,MODE(credit_bureau_a_1.classificationofcontr_400M),rolling_oof,fold_train_native_category,10,86704,0.0001153349326
1,MODE(credit_bureau_a_1.contractst_964M),early_stopping,fold_train_native_category,5,86817,5.759240702e-05
1,MODE(credit_bureau_a_1.contractst_964M),rolling_oof,fold_train_native_category,3,86704,3.460047979e-05
1,MODE(credit_bureau_a_1.financialinstitution_382M),early_stopping,fold_train_native_category,15,86817,0.0001727772211
1,MODE(credit_bureau_a_1.financialinstitution_382M),rolling_oof,fold_train_native_category,20,86704,0.0002306698653
1,MODE(tax_registry_a_1.name_4527232M),early_stopping,fold_train_native_category,0,86817,0
1,MODE(tax_registry_a_1.name_4527232M),rolling_oof,fold_train_native_category,58913,86704,0.6794726887
1,MODE(applprev_1.postype_4733339M),early_stopping,fold_train_native_category,0,86817,0
1,MODE(applprev_1.postype_4733339M),rolling_oof,fold_train_native_category,0,86704,0
1,MODE(applprev_1.status_219L),early_stopping,fold_train_native_category,0,86817,0
1,MODE(applprev_1.status_219L),rolling_oof,fold_train_native_category,0,86704,0
1,MODE(static_0.bankacctype_710L),early_stopping,fold_train_native_category,0,86817,0
1,MODE(static_0.bankacctype_710L),rolling_oof,fold_train_native_category,0,86704,0
1,MODE(static_0.credtype_322L),early_stopping,fold_train_native_category,0,86817,0
1,MODE(static_0.credtype_322L),rolling_oof,fold_train_native_category,0,86704,0
1,MODE(static_0.disbursementtype_67L),early_stopping,fold_train_native_category,0,86817,0
1,MODE(static_0.disbursementtype_67L),rolling_oof,fold_train_native_category,0,86704,0
1,MODE(static_0.lastapprcommoditycat_1041M),early_stopping,fold_train_native_category,0,86817,0
1,MODE(static_0.lastapprcommoditycat_1041M),rolling_oof,fold_train_native_category,0,86704,0
1,MODE(static_0.lastapprcommoditytypec_5251766M),early_stopping,fold_train_native_category,0,86817,0
1,MODE(static_0.lastapprcommoditytypec_5251766M),rolling_oof,fold_train_native_category,0,86704,0
1,MODE(static_0.lastcancelreason_561M),early_stopping,fold_train_native_category,0,86817,0
1,MODE(static_0.lastcancelreason_561M),rolling_oof,fold_train_native_category,17,86704,0.0001960693855
1,MODE(static_0.lastrejectcommoditycat_161M),early_stopping,fold_train_native_category,1,86817,1.15184814e-05
1,MODE(static_0.lastrejectcommoditycat_161M),rolling_oof,fold_train_native_category,1,86704,1.153349326e-05
1,MODE(static_0.lastrejectcommodtypec_5251769M),early_stopping,fold_train_native_category,0,86817,0
1,MODE(static_0.lastrejectcommodtypec_5251769M),rolling_oof,fold_train_native_category,0,86704,0
1,MODE(static_0.lastrejectreason_759M),early_stopping,fold_train_native_category,0,86817,0
1,MODE(static_0.lastrejectreason_759M),rolling_oof,fold_train_native_category,0,86704,0
1,MODE(static_0.lastrejectreasonclient_4145040M),early_stopping,fold_train_native_category,0,86817,0
1,MODE(static_0.lastrejectreasonclient_4145040M),rolling_oof,fold_train_native_category,0,86704,0
1,MODE(static_0.lastst_736L),early_stopping,fold_train_native_category,0,86817,0
1,MODE(static_0.lastst_736L),rolling_oof,fold_train_native_category,0,86704,0
1,MODE(static_0.previouscontdistrict_112M),early_stopping,fold_train_native_category,0,86817,0
1,MODE(static_0.previouscontdistrict_112M),rolling_oof,fold_train_native_category,0,86704,0
1,MODE(static_0.typesuite_864L),early_stopping,fold_train_native_category,0,86817,0
1,MODE(static_0.typesuite_864L),rolling_oof,fold_train_native_category,0,86704,0
1,MODE(static_cb_0.description_5085714M),early_stopping,fold_train_native_category,0,86817,0
1,MODE(static_cb_0.description_5085714M),rolling_oof,fold_train_native_category,0,86704,0
1,MODE(static_cb_0.education_1103M),early_stopping,fold_train_native_category,0,86817,0
1,MODE(static_cb_0.education_1103M),rolling_oof,fold_train_native_category,0,86704,0
1,MODE(static_cb_0.education_88M),early_stopping,fold_train_native_category,0,86817,0
1,MODE(static_cb_0.education_88M),rolling_oof,fold_train_native_category,0,86704,0
1,MODE(static_cb_0.maritalst_385M),early_stopping,fold_train_native_category,0,86817,0
1,MODE(static_cb_0.maritalst_385M),rolling_oof,fold_train_native_category,0,86704,0
1,MODE(static_cb_0.requesttype_4525192L),early_stopping,fold_train_native_category,0,86817,0
1,MODE(static_cb_0.requesttype_4525192L),rolling_oof,fold_train_native_category,86704,86704,1
1,MONTH(date_decision),early_stopping,fold_train_native_category,35928,86817,0.4138359999
1,MONTH(date_decision),rolling_oof,fold_train_native_category,86704,86704,1
1,SEASON(date_decision),early_stopping,fold_train_native_category,0,86817,0
1,SEASON(date_decision),rolling_oof,fold_train_native_category,86704,86704,1
1,WEEKDAY(date_decision),early_stopping,fold_train_native_category,0,86817,0
1,WEEKDAY(date_decision),rolling_oof,fold_train_native_category,0,86704,0
2,MODE(person_1.contaddr_district_15M),early_stopping,fold_train_native_category,2,93028,2.149890356e-05
2,MODE(person_1.contaddr_district_15M),rolling_oof,fold_train_native_category,140,109021,0.001284156263
2,MODE(person_1.contaddr_zipcode_807M),early_stopping,fold_train_native_category,19,93028,0.0002042395838
2,MODE(person_1.contaddr_zipcode_807M),rolling_oof,fold_train_native_category,24,109021,0.0002201410737
2,MODE(person_1.education_927M),early_stopping,fold_train_native_category,0,93028,0
2,MODE(person_1.education_927M),rolling_oof,fold_train_native_category,0,109021,0
2,MODE(person_1.empladdr_district_926M),early_stopping,fold_train_native_category,0,93028,0
2,MODE(person_1.empladdr_district_926M),rolling_oof,fold_train_native_category,0,109021,0
2,MODE(person_1.empladdr_zipcode_114M),early_stopping,fold_train_native_category,181,93028,0.001945650772
2,MODE(person_1.empladdr_zipcode_114M),rolling_oof,fold_train_native_category,257,109021,0.002357343998
2,MODE(person_1.incometype_1044T),early_stopping,fold_train_native_category,0,93028,0
2,MODE(person_1.incometype_1044T),rolling_oof,fold_train_native_category,0,109021,0
2,MODE(person_1.language1_981M),early_stopping,fold_train_native_category,0,93028,0
2,MODE(person_1.language1_981M),rolling_oof,fold_train_native_category,0,109021,0
2,MODE(person_1.role_1084L),early_stopping,fold_train_native_category,0,93028,0
2,MODE(person_1.role_1084L),rolling_oof,fold_train_native_category,0,109021,0
2,MODE(person_1.sex_738L),early_stopping,fold_train_native_category,0,93028,0
2,MODE(person_1.sex_738L),rolling_oof,fold_train_native_category,0,109021,0
2,MODE(person_1.type_25L),early_stopping,fold_train_native_category,0,93028,0
2,MODE(person_1.type_25L),rolling_oof,fold_train_native_category,0,109021,0
2,MODE(credit_bureau_a_1.classificationofcontr_400M),early_stopping,fold_train_native_category,8,93028,8.599561422e-05
2,MODE(credit_bureau_a_1.classificationofcontr_400M),rolling_oof,fold_train_native_category,15,109021,0.0001375881711
2,MODE(credit_bureau_a_1.contractst_964M),early_stopping,fold_train_native_category,2,93028,2.149890356e-05
2,MODE(credit_bureau_a_1.contractst_964M),rolling_oof,fold_train_native_category,1,109021,9.172544739e-06
2,MODE(credit_bureau_a_1.financialinstitution_382M),early_stopping,fold_train_native_category,12,93028,0.0001289934213
2,MODE(credit_bureau_a_1.financialinstitution_382M),rolling_oof,fold_train_native_category,18,109021,0.0001651058053
2,MODE(tax_registry_a_1.name_4527232M),early_stopping,fold_train_native_category,24745,93028,0.2659951842
2,MODE(tax_registry_a_1.name_4527232M),rolling_oof,fold_train_native_category,75454,109021,0.6921051907
2,MODE(applprev_1.postype_4733339M),early_stopping,fold_train_native_category,0,93028,0
2,MODE(applprev_1.postype_4733339M),rolling_oof,fold_train_native_category,0,109021,0
2,MODE(applprev_1.status_219L),early_stopping,fold_train_native_category,0,93028,0
2,MODE(applprev_1.status_219L),rolling_oof,fold_train_native_category,0,109021,0
2,MODE(static_0.bankacctype_710L),early_stopping,fold_train_native_category,0,93028,0
2,MODE(static_0.bankacctype_710L),rolling_oof,fold_train_native_category,0,109021,0
2,MODE(static_0.credtype_322L),early_stopping,fold_train_native_category,0,93028,0
2,MODE(static_0.credtype_322L),rolling_oof,fold_train_native_category,1,109021,9.172544739e-06
2,MODE(static_0.disbursementtype_67L),early_stopping,fold_train_native_category,0,93028,0
2,MODE(static_0.disbursementtype_67L),rolling_oof,fold_train_native_category,0,109021,0
2,MODE(static_0.lastapprcommoditycat_1041M),early_stopping,fold_train_native_category,0,93028,0
2,MODE(static_0.lastapprcommoditycat_1041M),rolling_oof,fold_train_native_category,0,109021,0
2,MODE(static_0.lastapprcommoditytypec_5251766M),early_stopping,fold_train_native_category,0,93028,0
2,MODE(static_0.lastapprcommoditytypec_5251766M),rolling_oof,fold_train_native_category,0,109021,0
2,MODE(static_0.lastcancelreason_561M),early_stopping,fold_train_native_category,9,93028,9.6745066e-05
2,MODE(static_0.lastcancelreason_561M),rolling_oof,fold_train_native_category,23,109021,0.000210968529
2,MODE(static_0.lastrejectcommoditycat_161M),early_stopping,fold_train_native_category,2,93028,2.149890356e-05
2,MODE(static_0.lastrejectcommoditycat_161M),rolling_oof,fold_train_native_category,2,109021,1.834508948e-05
2,MODE(static_0.lastrejectcommodtypec_5251769M),early_stopping,fold_train_native_category,0,93028,0
2,MODE(static_0.lastrejectcommodtypec_5251769M),rolling_oof,fold_train_native_category,0,109021,0
2,MODE(static_0.lastrejectreason_759M),early_stopping,fold_train_native_category,0,93028,0
2,MODE(static_0.lastrejectreason_759M),rolling_oof,fold_train_native_category,0,109021,0
2,MODE(static_0.lastrejectreasonclient_4145040M),early_stopping,fold_train_native_category,0,93028,0
2,MODE(static_0.lastrejectreasonclient_4145040M),rolling_oof,fold_train_native_category,0,109021,0
2,MODE(static_0.lastst_736L),early_stopping,fold_train_native_category,2,93028,2.149890356e-05
2,MODE(static_0.lastst_736L),rolling_oof,fold_train_native_category,1,109021,9.172544739e-06
2,MODE(static_0.previouscontdistrict_112M),early_stopping,fold_train_native_category,0,93028,0
2,MODE(static_0.previouscontdistrict_112M),rolling_oof,fold_train_native_category,0,109021,0
2,MODE(static_0.typesuite_864L),early_stopping,fold_train_native_category,0,93028,0
2,MODE(static_0.typesuite_864L),rolling_oof,fold_train_native_category,0,109021,0
2,MODE(static_cb_0.description_5085714M),early_stopping,fold_train_native_category,0,93028,0
2,MODE(static_cb_0.description_5085714M),rolling_oof,fold_train_native_category,0,109021,0
2,MODE(static_cb_0.education_1103M),early_stopping,fold_train_native_category,0,93028,0
2,MODE(static_cb_0.education_1103M),rolling_oof,fold_train_native_category,0,109021,0
2,MODE(static_cb_0.education_88M),early_stopping,fold_train_native_category,0,93028,0
2,MODE(static_cb_0.education_88M),rolling_oof,fold_train_native_category,0,109021,0
2,MODE(static_cb_0.maritalst_385M),early_stopping,fold_train_native_category,0,93028,0
2,MODE(static_cb_0.maritalst_385M),rolling_oof,fold_train_native_category,0,109021,0
2,MODE(static_cb_0.requesttype_4525192L),early_stopping,fold_train_native_category,37982,93028,0.4082856774
2,MODE(static_cb_0.requesttype_4525192L),rolling_oof,fold_train_native_category,109021,109021,1
2,MONTH(date_decision),early_stopping,fold_train_native_category,30215,93028,0.3247946855
2,MONTH(date_decision),rolling_oof,fold_train_native_category,109021,109021,1
2,SEASON(date_decision),early_stopping,fold_train_native_category,0,93028,0
2,SEASON(date_decision),rolling_oof,fold_train_native_category,109021,109021,1
2,WEEKDAY(date_decision),early_stopping,fold_train_native_category,0,93028,0
2,WEEKDAY(date_decision),rolling_oof,fold_train_native_category,0,109021,0
3,MODE(person_1.contaddr_district_15M),early_stopping,fold_train_native_category,8,89530,8.935552329e-05
3,MODE(person_1.contaddr_district_15M),rolling_oof,fold_train_native_category,243,115400,0.002105719237
3,MODE(person_1.contaddr_zipcode_807M),early_stopping,fold_train_native_category,9,89530,0.0001005249637
3,MODE(person_1.contaddr_zipcode_807M),rolling_oof,fold_train_native_category,14,115400,0.0001213171577
3,MODE(person_1.education_927M),early_stopping,fold_train_native_category,0,89530,0
3,MODE(person_1.education_927M),rolling_oof,fold_train_native_category,0,115400,0
3,MODE(person_1.empladdr_district_926M),early_stopping,fold_train_native_category,0,89530,0
3,MODE(person_1.empladdr_district_926M),rolling_oof,fold_train_native_category,0,115400,0
3,MODE(person_1.empladdr_zipcode_114M),early_stopping,fold_train_native_category,155,89530,0.001731263264
3,MODE(person_1.empladdr_zipcode_114M),rolling_oof,fold_train_native_category,286,115400,0.002478336222
3,MODE(person_1.incometype_1044T),early_stopping,fold_train_native_category,0,89530,0
3,MODE(person_1.incometype_1044T),rolling_oof,fold_train_native_category,0,115400,0
3,MODE(person_1.language1_981M),early_stopping,fold_train_native_category,0,89530,0
3,MODE(person_1.language1_981M),rolling_oof,fold_train_native_category,0,115400,0
3,MODE(person_1.role_1084L),early_stopping,fold_train_native_category,0,89530,0
3,MODE(person_1.role_1084L),rolling_oof,fold_train_native_category,0,115400,0
3,MODE(person_1.sex_738L),early_stopping,fold_train_native_category,0,89530,0
3,MODE(person_1.sex_738L),rolling_oof,fold_train_native_category,0,115400,0
3,MODE(person_1.type_25L),early_stopping,fold_train_native_category,0,89530,0
3,MODE(person_1.type_25L),rolling_oof,fold_train_native_category,0,115400,0
3,MODE(credit_bureau_a_1.classificationofcontr_400M),early_stopping,fold_train_native_category,4,89530,4.467776164e-05
3,MODE(credit_bureau_a_1.classificationofcontr_400M),rolling_oof,fold_train_native_category,7,115400,6.065857886e-05
3,MODE(credit_bureau_a_1.contractst_964M),early_stopping,fold_train_native_category,2,89530,2.233888082e-05
3,MODE(credit_bureau_a_1.contractst_964M),rolling_oof,fold_train_native_category,2,115400,1.733102253e-05
3,MODE(credit_bureau_a_1.financialinstitution_382M),early_stopping,fold_train_native_category,8,89530,8.935552329e-05
3,MODE(credit_bureau_a_1.financialinstitution_382M),rolling_oof,fold_train_native_category,42,115400,0.0003639514731
3,MODE(tax_registry_a_1.name_4527232M),early_stopping,fold_train_frequency,24441,89530,0.2729922931
3,MODE(tax_registry_a_1.name_4527232M),rolling_oof,fold_train_frequency,36397,115400,0.3153986135
3,MODE(applprev_1.postype_4733339M),early_stopping,fold_train_native_category,0,89530,0
3,MODE(applprev_1.postype_4733339M),rolling_oof,fold_train_native_category,71135,115400,0.6164211438
3,MODE(applprev_1.status_219L),early_stopping,fold_train_native_category,0,89530,0
3,MODE(applprev_1.status_219L),rolling_oof,fold_train_native_category,0,115400,0
3,MODE(static_0.bankacctype_710L),early_stopping,fold_train_native_category,0,89530,0
3,MODE(static_0.bankacctype_710L),rolling_oof,fold_train_native_category,0,115400,0
3,MODE(static_0.credtype_322L),early_stopping,fold_train_native_category,0,89530,0
3,MODE(static_0.credtype_322L),rolling_oof,fold_train_native_category,0,115400,0
3,MODE(static_0.disbursementtype_67L),early_stopping,fold_train_native_category,0,89530,0
3,MODE(static_0.disbursementtype_67L),rolling_oof,fold_train_native_category,0,115400,0
3,MODE(static_0.lastapprcommoditycat_1041M),early_stopping,fold_train_native_category,0,89530,0
3,MODE(static_0.lastapprcommoditycat_1041M),rolling_oof,fold_train_native_category,1,115400,8.665511265e-06
3,MODE(static_0.lastapprcommoditytypec_5251766M),early_stopping,fold_train_native_category,0,89530,0
3,MODE(static_0.lastapprcommoditytypec_5251766M),rolling_oof,fold_train_native_category,0,115400,0
3,MODE(static_0.lastcancelreason_561M),early_stopping,fold_train_native_category,1,89530,1.116944041e-05
3,MODE(static_0.lastcancelreason_561M),rolling_oof,fold_train_native_category,5,115400,4.332755633e-05
3,MODE(static_0.lastrejectcommoditycat_161M),early_stopping,fold_train_native_category,0,89530,0
3,MODE(static_0.lastrejectcommoditycat_161M),rolling_oof,fold_train_native_category,1,115400,8.665511265e-06
3,MODE(static_0.lastrejectcommodtypec_5251769M),early_stopping,fold_train_native_category,0,89530,0
3,MODE(static_0.lastrejectcommodtypec_5251769M),rolling_oof,fold_train_native_category,0,115400,0
3,MODE(static_0.lastrejectreason_759M),early_stopping,fold_train_native_category,0,89530,0
3,MODE(static_0.lastrejectreason_759M),rolling_oof,fold_train_native_category,0,115400,0
3,MODE(static_0.lastrejectreasonclient_4145040M),early_stopping,fold_train_native_category,0,89530,0
3,MODE(static_0.lastrejectreasonclient_4145040M),rolling_oof,fold_train_native_category,0,115400,0
3,MODE(static_0.lastst_736L),early_stopping,fold_train_native_category,0,89530,0
3,MODE(static_0.lastst_736L),rolling_oof,fold_train_native_category,0,115400,0
3,MODE(static_0.previouscontdistrict_112M),early_stopping,fold_train_native_category,0,89530,0
3,MODE(static_0.previouscontdistrict_112M),rolling_oof,fold_train_native_category,0,115400,0
3,MODE(static_0.typesuite_864L),early_stopping,fold_train_native_category,0,89530,0
3,MODE(static_0.typesuite_864L),rolling_oof,fold_train_native_category,0,115400,0
3,MODE(static_cb_0.description_5085714M),early_stopping,fold_train_native_category,0,89530,0
3,MODE(static_cb_0.description_5085714M),rolling_oof,fold_train_native_category,0,115400,0
3,MODE(static_cb_0.education_1103M),early_stopping,fold_train_native_category,0,89530,0
3,MODE(static_cb_0.education_1103M),rolling_oof,fold_train_native_category,0,115400,0
3,MODE(static_cb_0.education_88M),early_stopping,fold_train_native_category,0,89530,0
3,MODE(static_cb_0.education_88M),rolling_oof,fold_train_native_category,0,115400,0
3,MODE(static_cb_0.maritalst_385M),early_stopping,fold_train_native_category,0,89530,0
3,MODE(static_cb_0.maritalst_385M),rolling_oof,fold_train_native_category,0,115400,0
3,MODE(static_cb_0.requesttype_4525192L),early_stopping,fold_train_native_category,0,89530,0
3,MODE(static_cb_0.requesttype_4525192L),rolling_oof,fold_train_native_category,0,115400,0
3,MONTH(date_decision),early_stopping,fold_train_native_category,21039,89530,0.2349938568
3,MONTH(date_decision),rolling_oof,fold_train_native_category,115400,115400,1
3,SEASON(date_decision),early_stopping,fold_train_native_category,46476,89530,0.5191109125
3,SEASON(date_decision),rolling_oof,fold_train_native_category,68402,115400,0.5927383016
3,WEEKDAY(date_decision),early_stopping,fold_train_native_category,0,89530,0
3,WEEKDAY(date_decision),rolling_oof,fold_train_native_category,0,115400,0
4,MODE(person_1.contaddr_district_15M),early_stopping,fold_train_native_category,12,86704,0.0001384019192
4,MODE(person_1.contaddr_district_15M),rolling_oof,fold_train_native_category,176,82387,0.002136259361
4,MODE(person_1.contaddr_zipcode_807M),early_stopping,fold_train_native_category,16,86704,0.0001845358922
4,MODE(person_1.contaddr_zipcode_807M),rolling_oof,fold_train_native_category,21,82387,0.0002548945829
4,MODE(person_1.education_927M),early_stopping,fold_train_native_category,0,86704,0
4,MODE(person_1.education_927M),rolling_oof,fold_train_native_category,0,82387,0
4,MODE(person_1.empladdr_district_926M),early_stopping,fold_train_native_category,0,86704,0
4,MODE(person_1.empladdr_district_926M),rolling_oof,fold_train_native_category,0,82387,0
4,MODE(person_1.empladdr_zipcode_114M),early_stopping,fold_train_native_category,141,86704,0.00162622255
4,MODE(person_1.empladdr_zipcode_114M),rolling_oof,fold_train_native_category,141,82387,0.001711435057
4,MODE(person_1.incometype_1044T),early_stopping,fold_train_native_category,1,86704,1.153349326e-05
4,MODE(person_1.incometype_1044T),rolling_oof,fold_train_native_category,0,82387,0
4,MODE(person_1.language1_981M),early_stopping,fold_train_native_category,0,86704,0
4,MODE(person_1.language1_981M),rolling_oof,fold_train_native_category,0,82387,0
4,MODE(person_1.role_1084L),early_stopping,fold_train_native_category,0,86704,0
4,MODE(person_1.role_1084L),rolling_oof,fold_train_native_category,0,82387,0
4,MODE(person_1.sex_738L),early_stopping,fold_train_native_category,0,86704,0
4,MODE(person_1.sex_738L),rolling_oof,fold_train_native_category,0,82387,0
4,MODE(person_1.type_25L),early_stopping,fold_train_native_category,0,86704,0
4,MODE(person_1.type_25L),rolling_oof,fold_train_native_category,0,82387,0
4,MODE(credit_bureau_a_1.classificationofcontr_400M),early_stopping,fold_train_native_category,8,86704,9.226794612e-05
4,MODE(credit_bureau_a_1.classificationofcontr_400M),rolling_oof,fold_train_native_category,3,82387,3.641351184e-05
4,MODE(credit_bureau_a_1.contractst_964M),early_stopping,fold_train_native_category,1,86704,1.153349326e-05
4,MODE(credit_bureau_a_1.contractst_964M),rolling_oof,fold_train_native_category,2,82387,2.427567456e-05
4,MODE(credit_bureau_a_1.financialinstitution_382M),early_stopping,fold_train_native_category,7,86704,8.073445285e-05
4,MODE(credit_bureau_a_1.financialinstitution_382M),rolling_oof,fold_train_native_category,22,82387,0.0002670324202
4,MODE(tax_registry_a_1.name_4527232M),early_stopping,fold_train_frequency,17247,86704,0.1989181583
4,MODE(tax_registry_a_1.name_4527232M),rolling_oof,fold_train_frequency,19594,82387,0.2378287837
4,MODE(applprev_1.postype_4733339M),early_stopping,fold_train_native_category,0,86704,0
4,MODE(applprev_1.postype_4733339M),rolling_oof,fold_train_native_category,64814,82387,0.7867017855
4,MODE(applprev_1.status_219L),early_stopping,fold_train_native_category,0,86704,0
4,MODE(applprev_1.status_219L),rolling_oof,fold_train_native_category,0,82387,0
4,MODE(static_0.bankacctype_710L),early_stopping,fold_train_native_category,0,86704,0
4,MODE(static_0.bankacctype_710L),rolling_oof,fold_train_native_category,0,82387,0
4,MODE(static_0.credtype_322L),early_stopping,fold_train_native_category,0,86704,0
4,MODE(static_0.credtype_322L),rolling_oof,fold_train_native_category,0,82387,0
4,MODE(static_0.disbursementtype_67L),early_stopping,fold_train_native_category,0,86704,0
4,MODE(static_0.disbursementtype_67L),rolling_oof,fold_train_native_category,0,82387,0
4,MODE(static_0.lastapprcommoditycat_1041M),early_stopping,fold_train_native_category,0,86704,0
4,MODE(static_0.lastapprcommoditycat_1041M),rolling_oof,fold_train_native_category,0,82387,0
4,MODE(static_0.lastapprcommoditytypec_5251766M),early_stopping,fold_train_native_category,0,86704,0
4,MODE(static_0.lastapprcommoditytypec_5251766M),rolling_oof,fold_train_native_category,0,82387,0
4,MODE(static_0.lastcancelreason_561M),early_stopping,fold_train_native_category,4,86704,4.613397306e-05
4,MODE(static_0.lastcancelreason_561M),rolling_oof,fold_train_native_category,5,82387,6.06891864e-05
4,MODE(static_0.lastrejectcommoditycat_161M),early_stopping,fold_train_native_category,1,86704,1.153349326e-05
4,MODE(static_0.lastrejectcommoditycat_161M),rolling_oof,fold_train_native_category,0,82387,0
4,MODE(static_0.lastrejectcommodtypec_5251769M),early_stopping,fold_train_native_category,0,86704,0
4,MODE(static_0.lastrejectcommodtypec_5251769M),rolling_oof,fold_train_native_category,0,82387,0
4,MODE(static_0.lastrejectreason_759M),early_stopping,fold_train_native_category,0,86704,0
4,MODE(static_0.lastrejectreason_759M),rolling_oof,fold_train_native_category,0,82387,0
4,MODE(static_0.lastrejectreasonclient_4145040M),early_stopping,fold_train_native_category,0,86704,0
4,MODE(static_0.lastrejectreasonclient_4145040M),rolling_oof,fold_train_native_category,0,82387,0
4,MODE(static_0.lastst_736L),early_stopping,fold_train_native_category,0,86704,0
4,MODE(static_0.lastst_736L),rolling_oof,fold_train_native_category,0,82387,0
4,MODE(static_0.previouscontdistrict_112M),early_stopping,fold_train_native_category,0,86704,0
4,MODE(static_0.previouscontdistrict_112M),rolling_oof,fold_train_native_category,0,82387,0
4,MODE(static_0.typesuite_864L),early_stopping,fold_train_native_category,0,86704,0
4,MODE(static_0.typesuite_864L),rolling_oof,fold_train_native_category,0,82387,0
4,MODE(static_cb_0.description_5085714M),early_stopping,fold_train_native_category,0,86704,0
4,MODE(static_cb_0.description_5085714M),rolling_oof,fold_train_native_category,0,82387,0
4,MODE(static_cb_0.education_1103M),early_stopping,fold_train_native_category,0,86704,0
4,MODE(static_cb_0.education_1103M),rolling_oof,fold_train_native_category,0,82387,0
4,MODE(static_cb_0.education_88M),early_stopping,fold_train_native_category,0,86704,0
4,MODE(static_cb_0.education_88M),rolling_oof,fold_train_native_category,0,82387,0
4,MODE(static_cb_0.maritalst_385M),early_stopping,fold_train_native_category,0,86704,0
4,MODE(static_cb_0.maritalst_385M),rolling_oof,fold_train_native_category,0,82387,0
4,MODE(static_cb_0.requesttype_4525192L),early_stopping,fold_train_native_category,0,86704,0
4,MODE(static_cb_0.requesttype_4525192L),rolling_oof,fold_train_native_category,0,82387,0
4,MONTH(date_decision),early_stopping,fold_train_native_category,12594,86704,0.1452528142
4,MONTH(date_decision),rolling_oof,fold_train_native_category,4841,82387,0.05875927027
4,SEASON(date_decision),early_stopping,fold_train_native_category,0,86704,0
4,SEASON(date_decision),rolling_oof,fold_train_native_category,0,82387,0
4,WEEKDAY(date_decision),early_stopping,fold_train_native_category,0,86704,0
4,WEEKDAY(date_decision),rolling_oof,fold_train_native_category,0,82387,0
5,MODE(person_1.contaddr_district_15M),early_stopping,fold_train_native_category,103,109021,0.0009447721081
5,MODE(person_1.contaddr_district_15M),rolling_oof,fold_train_native_category,3803,70841,0.0536836013
5,MODE(person_1.contaddr_zipcode_807M),early_stopping,fold_train_native_category,8,109021,7.338035791e-05
5,MODE(person_1.contaddr_zipcode_807M),rolling_oof,fold_train_native_category,1064,70841,0.01501955083
5,MODE(person_1.education_927M),early_stopping,fold_train_native_category,0,109021,0
5,MODE(person_1.education_927M),rolling_oof,fold_train_native_category,0,70841,0
5,MODE(person_1.empladdr_district_926M),early_stopping,fold_train_native_category,0,109021,0
5,MODE(person_1.empladdr_district_926M),rolling_oof,fold_train_native_category,753,70841,0.01062943775
5,MODE(person_1.empladdr_zipcode_114M),early_stopping,fold_train_native_category,150,109021,0.001375881711
5,MODE(person_1.empladdr_zipcode_114M),rolling_oof,fold_train_native_category,250,70841,0.003529029799
5,MODE(person_1.incometype_1044T),early_stopping,fold_train_native_category,0,109021,0
5,MODE(person_1.incometype_1044T),rolling_oof,fold_train_native_category,0,70841,0
5,MODE(person_1.language1_981M),early_stopping,fold_train_native_category,0,109021,0
5,MODE(person_1.language1_981M),rolling_oof,fold_train_native_category,0,70841,0
5,MODE(person_1.role_1084L),early_stopping,fold_train_native_category,0,109021,0
5,MODE(person_1.role_1084L),rolling_oof,fold_train_native_category,0,70841,0
5,MODE(person_1.sex_738L),early_stopping,fold_train_native_category,0,109021,0
5,MODE(person_1.sex_738L),rolling_oof,fold_train_native_category,0,70841,0
5,MODE(person_1.type_25L),early_stopping,fold_train_native_category,0,109021,0
5,MODE(person_1.type_25L),rolling_oof,fold_train_native_category,0,70841,0
5,MODE(credit_bureau_a_1.classificationofcontr_400M),early_stopping,fold_train_native_category,8,109021,7.338035791e-05
5,MODE(credit_bureau_a_1.classificationofcontr_400M),rolling_oof,fold_train_native_category,2,70841,2.823223839e-05
5,MODE(credit_bureau_a_1.contractst_964M),early_stopping,fold_train_native_category,1,109021,9.172544739e-06
5,MODE(credit_bureau_a_1.contractst_964M),rolling_oof,fold_train_native_category,1,70841,1.41161192e-05
5,MODE(credit_bureau_a_1.financialinstitution_382M),early_stopping,fold_train_native_category,8,109021,7.338035791e-05
5,MODE(credit_bureau_a_1.financialinstitution_382M),rolling_oof,fold_train_native_category,29,70841,0.0004093674567
5,MODE(tax_registry_a_1.name_4527232M),early_stopping,fold_train_frequency,18648,109021,0.1710496143
5,MODE(tax_registry_a_1.name_4527232M),rolling_oof,fold_train_frequency,16775,70841,0.2367978995
5,MODE(applprev_1.postype_4733339M),early_stopping,fold_train_native_category,0,109021,0
5,MODE(applprev_1.postype_4733339M),rolling_oof,fold_train_native_category,60099,70841,0.8483646476
5,MODE(applprev_1.status_219L),early_stopping,fold_train_native_category,0,109021,0
5,MODE(applprev_1.status_219L),rolling_oof,fold_train_native_category,0,70841,0
5,MODE(static_0.bankacctype_710L),early_stopping,fold_train_native_category,0,109021,0
5,MODE(static_0.bankacctype_710L),rolling_oof,fold_train_native_category,0,70841,0
5,MODE(static_0.credtype_322L),early_stopping,fold_train_native_category,1,109021,9.172544739e-06
5,MODE(static_0.credtype_322L),rolling_oof,fold_train_native_category,0,70841,0
5,MODE(static_0.disbursementtype_67L),early_stopping,fold_train_native_category,0,109021,0
5,MODE(static_0.disbursementtype_67L),rolling_oof,fold_train_native_category,0,70841,0
5,MODE(static_0.lastapprcommoditycat_1041M),early_stopping,fold_train_native_category,0,109021,0
5,MODE(static_0.lastapprcommoditycat_1041M),rolling_oof,fold_train_native_category,1,70841,1.41161192e-05
5,MODE(static_0.lastapprcommoditytypec_5251766M),early_stopping,fold_train_native_category,0,109021,0
5,MODE(static_0.lastapprcommoditytypec_5251766M),rolling_oof,fold_train_native_category,0,70841,0
5,MODE(static_0.lastcancelreason_561M),early_stopping,fold_train_native_category,2,109021,1.834508948e-05
5,MODE(static_0.lastcancelreason_561M),rolling_oof,fold_train_native_category,3,70841,4.234835759e-05
5,MODE(static_0.lastrejectcommoditycat_161M),early_stopping,fold_train_native_category,1,109021,9.172544739e-06
5,MODE(static_0.lastrejectcommoditycat_161M),rolling_oof,fold_train_native_category,0,70841,0
5,MODE(static_0.lastrejectcommodtypec_5251769M),early_stopping,fold_train_native_category,0,109021,0
5,MODE(static_0.lastrejectcommodtypec_5251769M),rolling_oof,fold_train_native_category,0,70841,0
5,MODE(static_0.lastrejectreason_759M),early_stopping,fold_train_native_category,0,109021,0
5,MODE(static_0.lastrejectreason_759M),rolling_oof,fold_train_native_category,0,70841,0
5,MODE(static_0.lastrejectreasonclient_4145040M),early_stopping,fold_train_native_category,0,109021,0
5,MODE(static_0.lastrejectreasonclient_4145040M),rolling_oof,fold_train_native_category,0,70841,0
5,MODE(static_0.lastst_736L),early_stopping,fold_train_native_category,0,109021,0
5,MODE(static_0.lastst_736L),rolling_oof,fold_train_native_category,0,70841,0
5,MODE(static_0.previouscontdistrict_112M),early_stopping,fold_train_native_category,0,109021,0
5,MODE(static_0.previouscontdistrict_112M),rolling_oof,fold_train_native_category,86,70841,0.001213986251
5,MODE(static_0.typesuite_864L),early_stopping,fold_train_native_category,0,109021,0
5,MODE(static_0.typesuite_864L),rolling_oof,fold_train_native_category,0,70841,0
5,MODE(static_cb_0.description_5085714M),early_stopping,fold_train_native_category,0,109021,0
5,MODE(static_cb_0.description_5085714M),rolling_oof,fold_train_native_category,0,70841,0
5,MODE(static_cb_0.education_1103M),early_stopping,fold_train_native_category,0,109021,0
5,MODE(static_cb_0.education_1103M),rolling_oof,fold_train_native_category,0,70841,0
5,MODE(static_cb_0.education_88M),early_stopping,fold_train_native_category,0,109021,0
5,MODE(static_cb_0.education_88M),rolling_oof,fold_train_native_category,0,70841,0
5,MODE(static_cb_0.maritalst_385M),early_stopping,fold_train_native_category,0,109021,0
5,MODE(static_cb_0.maritalst_385M),rolling_oof,fold_train_native_category,0,70841,0
5,MODE(static_cb_0.requesttype_4525192L),early_stopping,fold_train_native_category,0,109021,0
5,MODE(static_cb_0.requesttype_4525192L),rolling_oof,fold_train_native_category,0,70841,0
5,MONTH(date_decision),early_stopping,fold_train_native_category,5770,109021,0.05292558314
5,MONTH(date_decision),rolling_oof,fold_train_native_category,0,70841,0
5,SEASON(date_decision),early_stopping,fold_train_native_category,0,109021,0
5,SEASON(date_decision),rolling_oof,fold_train_native_category,0,70841,0
5,WEEKDAY(date_decision),early_stopping,fold_train_native_category,0,109021,0
5,WEEKDAY(date_decision),rolling_oof,fold_train_native_category,0,70841,0
6,MODE(person_1.contaddr_district_15M),early_stopping,fold_train_native_category,70,115400,0.0006065857886
6,MODE(person_1.contaddr_district_15M),rolling_oof,fold_train_native_category,8494,62933,0.1349689352
6,MODE(person_1.contaddr_zipcode_807M),early_stopping,fold_train_native_category,7,115400,6.065857886e-05
6,MODE(person_1.contaddr_zipcode_807M),rolling_oof,fold_train_native_category,2481,62933,0.0394228783
6,MODE(person_1.education_927M),early_stopping,fold_train_native_category,0,115400,0
6,MODE(person_1.education_927M),rolling_oof,fold_train_native_category,0,62933,0
6,MODE(person_1.empladdr_district_926M),early_stopping,fold_train_native_category,0,115400,0
6,MODE(person_1.empladdr_district_926M),rolling_oof,fold_train_native_category,811,62933,0.0128867208
6,MODE(person_1.empladdr_zipcode_114M),early_stopping,fold_train_native_category,150,115400,0.00129982669
6,MODE(person_1.empladdr_zipcode_114M),rolling_oof,fold_train_native_category,261,62933,0.004147267729
6,MODE(person_1.incometype_1044T),early_stopping,fold_train_native_category,0,115400,0
6,MODE(person_1.incometype_1044T),rolling_oof,fold_train_native_category,0,62933,0
6,MODE(person_1.language1_981M),early_stopping,fold_train_native_category,0,115400,0
6,MODE(person_1.language1_981M),rolling_oof,fold_train_native_category,0,62933,0
6,MODE(person_1.role_1084L),early_stopping,fold_train_native_category,0,115400,0
6,MODE(person_1.role_1084L),rolling_oof,fold_train_native_category,0,62933,0
6,MODE(person_1.sex_738L),early_stopping,fold_train_native_category,0,115400,0
6,MODE(person_1.sex_738L),rolling_oof,fold_train_native_category,0,62933,0
6,MODE(person_1.type_25L),early_stopping,fold_train_native_category,0,115400,0
6,MODE(person_1.type_25L),rolling_oof,fold_train_native_category,0,62933,0
6,MODE(credit_bureau_a_1.classificationofcontr_400M),early_stopping,fold_train_native_category,3,115400,2.59965338e-05
6,MODE(credit_bureau_a_1.classificationofcontr_400M),rolling_oof,fold_train_native_category,3,62933,4.766974401e-05
6,MODE(credit_bureau_a_1.contractst_964M),early_stopping,fold_train_native_category,0,115400,0
6,MODE(credit_bureau_a_1.contractst_964M),rolling_oof,fold_train_native_category,2,62933,3.177982934e-05
6,MODE(credit_bureau_a_1.financialinstitution_382M),early_stopping,fold_train_native_category,37,115400,0.0003206239168
6,MODE(credit_bureau_a_1.financialinstitution_382M),rolling_oof,fold_train_native_category,28,62933,0.0004449176108
6,MODE(tax_registry_a_1.name_4527232M),early_stopping,fold_train_frequency,16722,115400,0.1449046794
6,MODE(tax_registry_a_1.name_4527232M),rolling_oof,fold_train_frequency,13123,62933,0.2085233502
6,MODE(applprev_1.postype_4733339M),early_stopping,fold_train_native_category,71135,115400,0.6164211438
6,MODE(applprev_1.postype_4733339M),rolling_oof,fold_train_native_category,54573,62933,0.8671603133
6,MODE(applprev_1.status_219L),early_stopping,fold_train_native_category,0,115400,0
6,MODE(applprev_1.status_219L),rolling_oof,fold_train_native_category,0,62933,0
6,MODE(static_0.bankacctype_710L),early_stopping,fold_train_native_category,0,115400,0
6,MODE(static_0.bankacctype_710L),rolling_oof,fold_train_native_category,0,62933,0
6,MODE(static_0.credtype_322L),early_stopping,fold_train_native_category,0,115400,0
6,MODE(static_0.credtype_322L),rolling_oof,fold_train_native_category,0,62933,0
6,MODE(static_0.disbursementtype_67L),early_stopping,fold_train_native_category,0,115400,0
6,MODE(static_0.disbursementtype_67L),rolling_oof,fold_train_native_category,0,62933,0
6,MODE(static_0.lastapprcommoditycat_1041M),early_stopping,fold_train_native_category,1,115400,8.665511265e-06
6,MODE(static_0.lastapprcommoditycat_1041M),rolling_oof,fold_train_native_category,1,62933,1.588991467e-05
6,MODE(static_0.lastapprcommoditytypec_5251766M),early_stopping,fold_train_native_category,0,115400,0
6,MODE(static_0.lastapprcommoditytypec_5251766M),rolling_oof,fold_train_native_category,0,62933,0
6,MODE(static_0.lastcancelreason_561M),early_stopping,fold_train_native_category,1,115400,8.665511265e-06
6,MODE(static_0.lastcancelreason_561M),rolling_oof,fold_train_native_category,2,62933,3.177982934e-05
6,MODE(static_0.lastrejectcommoditycat_161M),early_stopping,fold_train_native_category,0,115400,0
6,MODE(static_0.lastrejectcommoditycat_161M),rolling_oof,fold_train_native_category,1,62933,1.588991467e-05
6,MODE(static_0.lastrejectcommodtypec_5251769M),early_stopping,fold_train_native_category,0,115400,0
6,MODE(static_0.lastrejectcommodtypec_5251769M),rolling_oof,fold_train_native_category,0,62933,0
6,MODE(static_0.lastrejectreason_759M),early_stopping,fold_train_native_category,0,115400,0
6,MODE(static_0.lastrejectreason_759M),rolling_oof,fold_train_native_category,0,62933,0
6,MODE(static_0.lastrejectreasonclient_4145040M),early_stopping,fold_train_native_category,0,115400,0
6,MODE(static_0.lastrejectreasonclient_4145040M),rolling_oof,fold_train_native_category,0,62933,0
6,MODE(static_0.lastst_736L),early_stopping,fold_train_native_category,0,115400,0
6,MODE(static_0.lastst_736L),rolling_oof,fold_train_native_category,0,62933,0
6,MODE(static_0.previouscontdistrict_112M),early_stopping,fold_train_native_category,0,115400,0
6,MODE(static_0.previouscontdistrict_112M),rolling_oof,fold_train_native_category,341,62933,0.005418460903
6,MODE(static_0.typesuite_864L),early_stopping,fold_train_native_category,0,115400,0
6,MODE(static_0.typesuite_864L),rolling_oof,fold_train_native_category,0,62933,0
6,MODE(static_cb_0.description_5085714M),early_stopping,fold_train_native_category,0,115400,0
6,MODE(static_cb_0.description_5085714M),rolling_oof,fold_train_native_category,0,62933,0
6,MODE(static_cb_0.education_1103M),early_stopping,fold_train_native_category,0,115400,0
6,MODE(static_cb_0.education_1103M),rolling_oof,fold_train_native_category,0,62933,0
6,MODE(static_cb_0.education_88M),early_stopping,fold_train_native_category,0,115400,0
6,MODE(static_cb_0.education_88M),rolling_oof,fold_train_native_category,0,62933,0
6,MODE(static_cb_0.maritalst_385M),early_stopping,fold_train_native_category,0,115400,0
6,MODE(static_cb_0.maritalst_385M),rolling_oof,fold_train_native_category,0,62933,0
6,MODE(static_cb_0.requesttype_4525192L),early_stopping,fold_train_native_category,0,115400,0
6,MODE(static_cb_0.requesttype_4525192L),rolling_oof,fold_train_native_category,0,62933,0
6,MONTH(date_decision),early_stopping,fold_train_native_category,0,115400,0
6,MONTH(date_decision),rolling_oof,fold_train_native_category,0,62933,0
6,SEASON(date_decision),early_stopping,fold_train_native_category,0,115400,0
6,SEASON(date_decision),rolling_oof,fold_train_native_category,0,62933,0
6,WEEKDAY(date_decision),early_stopping,fold_train_native_category,0,115400,0
6,WEEKDAY(date_decision),rolling_oof,fold_train_native_category,0,62933,0
7,MODE(person_1.contaddr_district_15M),early_stopping,fold_train_native_category,36,82387,0.0004369621421
7,MODE(person_1.contaddr_district_15M),rolling_oof,fold_train_native_category,1693,18238,0.09282816098
7,MODE(person_1.contaddr_zipcode_807M),early_stopping,fold_train_native_category,10,82387,0.0001213783728
7,MODE(person_1.contaddr_zipcode_807M),rolling_oof,fold_train_native_category,848,18238,0.04649632635
7,MODE(person_1.education_927M),early_stopping,fold_train_native_category,0,82387,0
7,MODE(person_1.education_927M),rolling_oof,fold_train_native_category,0,18238,0
7,MODE(person_1.empladdr_district_926M),early_stopping,fold_train_native_category,0,82387,0
7,MODE(person_1.empladdr_district_926M),rolling_oof,fold_train_native_category,73,18238,0.004002631868
7,MODE(person_1.empladdr_zipcode_114M),early_stopping,fold_train_native_category,63,82387,0.0007646837486
7,MODE(person_1.empladdr_zipcode_114M),rolling_oof,fold_train_native_category,91,18238,0.004989582191
7,MODE(person_1.incometype_1044T),early_stopping,fold_train_native_category,0,82387,0
7,MODE(person_1.incometype_1044T),rolling_oof,fold_train_native_category,0,18238,0
7,MODE(person_1.language1_981M),early_stopping,fold_train_native_category,0,82387,0
7,MODE(person_1.language1_981M),rolling_oof,fold_train_native_category,0,18238,0
7,MODE(person_1.role_1084L),early_stopping,fold_train_native_category,0,82387,0
7,MODE(person_1.role_1084L),rolling_oof,fold_train_native_category,0,18238,0
7,MODE(person_1.sex_738L),early_stopping,fold_train_native_category,0,82387,0
7,MODE(person_1.sex_738L),rolling_oof,fold_train_native_category,0,18238,0
7,MODE(person_1.type_25L),early_stopping,fold_train_native_category,0,82387,0
7,MODE(person_1.type_25L),rolling_oof,fold_train_native_category,0,18238,0
7,MODE(credit_bureau_a_1.classificationofcontr_400M),early_stopping,fold_train_native_category,1,82387,1.213783728e-05
7,MODE(credit_bureau_a_1.classificationofcontr_400M),rolling_oof,fold_train_native_category,0,18238,0
7,MODE(credit_bureau_a_1.contractst_964M),early_stopping,fold_train_native_category,0,82387,0
7,MODE(credit_bureau_a_1.contractst_964M),rolling_oof,fold_train_native_category,0,18238,0
7,MODE(credit_bureau_a_1.financialinstitution_382M),early_stopping,fold_train_native_category,4,82387,4.855134912e-05
7,MODE(credit_bureau_a_1.financialinstitution_382M),rolling_oof,fold_train_native_category,2,18238,0.0001096611471
7,MODE(tax_registry_a_1.name_4527232M),early_stopping,fold_train_frequency,11228,82387,0.136283637
7,MODE(tax_registry_a_1.name_4527232M),rolling_oof,fold_train_frequency,2468,18238,0.1353218555
7,MODE(applprev_1.postype_4733339M),early_stopping,fold_train_native_category,0,82387,0
7,MODE(applprev_1.postype_4733339M),rolling_oof,fold_train_native_category,0,18238,0
7,MODE(applprev_1.status_219L),early_stopping,fold_train_native_category,0,82387,0
7,MODE(applprev_1.status_219L),rolling_oof,fold_train_native_category,0,18238,0
7,MODE(static_0.bankacctype_710L),early_stopping,fold_train_native_category,0,82387,0
7,MODE(static_0.bankacctype_710L),rolling_oof,fold_train_native_category,0,18238,0
7,MODE(static_0.credtype_322L),early_stopping,fold_train_native_category,0,82387,0
7,MODE(static_0.credtype_322L),rolling_oof,fold_train_native_category,0,18238,0
7,MODE(static_0.disbursementtype_67L),early_stopping,fold_train_native_category,0,82387,0
7,MODE(static_0.disbursementtype_67L),rolling_oof,fold_train_native_category,0,18238,0
7,MODE(static_0.lastapprcommoditycat_1041M),early_stopping,fold_train_native_category,0,82387,0
7,MODE(static_0.lastapprcommoditycat_1041M),rolling_oof,fold_train_native_category,0,18238,0
7,MODE(static_0.lastapprcommoditytypec_5251766M),early_stopping,fold_train_native_category,0,82387,0
7,MODE(static_0.lastapprcommoditytypec_5251766M),rolling_oof,fold_train_native_category,0,18238,0
7,MODE(static_0.lastcancelreason_561M),early_stopping,fold_train_native_category,2,82387,2.427567456e-05
7,MODE(static_0.lastcancelreason_561M),rolling_oof,fold_train_native_category,0,18238,0
7,MODE(static_0.lastrejectcommoditycat_161M),early_stopping,fold_train_native_category,0,82387,0
7,MODE(static_0.lastrejectcommoditycat_161M),rolling_oof,fold_train_native_category,0,18238,0
7,MODE(static_0.lastrejectcommodtypec_5251769M),early_stopping,fold_train_native_category,0,82387,0
7,MODE(static_0.lastrejectcommodtypec_5251769M),rolling_oof,fold_train_native_category,0,18238,0
7,MODE(static_0.lastrejectreason_759M),early_stopping,fold_train_native_category,0,82387,0
7,MODE(static_0.lastrejectreason_759M),rolling_oof,fold_train_native_category,0,18238,0
7,MODE(static_0.lastrejectreasonclient_4145040M),early_stopping,fold_train_native_category,0,82387,0
7,MODE(static_0.lastrejectreasonclient_4145040M),rolling_oof,fold_train_native_category,0,18238,0
7,MODE(static_0.lastst_736L),early_stopping,fold_train_native_category,0,82387,0
7,MODE(static_0.lastst_736L),rolling_oof,fold_train_native_category,0,18238,0
7,MODE(static_0.previouscontdistrict_112M),early_stopping,fold_train_native_category,0,82387,0
7,MODE(static_0.previouscontdistrict_112M),rolling_oof,fold_train_native_category,99,18238,0.005428226779
7,MODE(static_0.typesuite_864L),early_stopping,fold_train_native_category,0,82387,0
7,MODE(static_0.typesuite_864L),rolling_oof,fold_train_native_category,0,18238,0
7,MODE(static_cb_0.description_5085714M),early_stopping,fold_train_native_category,0,82387,0
7,MODE(static_cb_0.description_5085714M),rolling_oof,fold_train_native_category,0,18238,0
7,MODE(static_cb_0.education_1103M),early_stopping,fold_train_native_category,0,82387,0
7,MODE(static_cb_0.education_1103M),rolling_oof,fold_train_native_category,0,18238,0
7,MODE(static_cb_0.education_88M),early_stopping,fold_train_native_category,0,82387,0
7,MODE(static_cb_0.education_88M),rolling_oof,fold_train_native_category,0,18238,0
7,MODE(static_cb_0.maritalst_385M),early_stopping,fold_train_native_category,0,82387,0
7,MODE(static_cb_0.maritalst_385M),rolling_oof,fold_train_native_category,0,18238,0
7,MODE(static_cb_0.requesttype_4525192L),early_stopping,fold_train_native_category,0,82387,0
7,MODE(static_cb_0.requesttype_4525192L),rolling_oof,fold_train_native_category,0,18238,0
7,MONTH(date_decision),early_stopping,fold_train_native_category,0,82387,0
7,MONTH(date_decision),rolling_oof,fold_train_native_category,0,18238,0
7,SEASON(date_decision),early_stopping,fold_train_native_category,0,82387,0
7,SEASON(date_decision),rolling_oof,fold_train_native_category,0,18238,0
7,WEEKDAY(date_decision),early_stopping,fold_train_native_category,0,82387,0
7,WEEKDAY(date_decision),rolling_oof,fold_train_native_category,0,18238,0
8,MODE(person_1.contaddr_district_15M),early_stopping,fold_train_native_category,3795,70841,0.05357067235
8,MODE(person_1.contaddr_district_15M),rolling_oof,fold_train_native_category,2737,14136,0.1936191285
8,MODE(person_1.contaddr_zipcode_807M),early_stopping,fold_train_native_category,1061,70841,0.01497720247
8,MODE(person_1.contaddr_zipcode_807M),rolling_oof,fold_train_native_category,609,14136,0.04308149406
8,MODE(person_1.education_927M),early_stopping,fold_train_native_category,0,70841,0
8,MODE(person_1.education_927M),rolling_oof,fold_train_native_category,0,14136,0
8,MODE(person_1.empladdr_district_926M),early_stopping,fold_train_native_category,753,70841,0.01062943775
8,MODE(person_1.empladdr_district_926M),rolling_oof,fold_train_native_category,20,14136,0.001414827391
8,MODE(person_1.empladdr_zipcode_114M),early_stopping,fold_train_native_category,196,70841,0.002766759363
8,MODE(person_1.empladdr_zipcode_114M),rolling_oof,fold_train_native_category,9,14136,0.000636672326
8,MODE(person_1.incometype_1044T),early_stopping,fold_train_native_category,0,70841,0
8,MODE(person_1.incometype_1044T),rolling_oof,fold_train_native_category,0,14136,0
8,MODE(person_1.language1_981M),early_stopping,fold_train_native_category,0,70841,0
8,MODE(person_1.language1_981M),rolling_oof,fold_train_native_category,0,14136,0
8,MODE(person_1.role_1084L),early_stopping,fold_train_native_category,0,70841,0
8,MODE(person_1.role_1084L),rolling_oof,fold_train_native_category,0,14136,0
8,MODE(person_1.sex_738L),early_stopping,fold_train_native_category,0,70841,0
8,MODE(person_1.sex_738L),rolling_oof,fold_train_native_category,0,14136,0
8,MODE(person_1.type_25L),early_stopping,fold_train_native_category,0,70841,0
8,MODE(person_1.type_25L),rolling_oof,fold_train_native_category,0,14136,0
8,MODE(credit_bureau_a_1.classificationofcontr_400M),early_stopping,fold_train_native_category,1,70841,1.41161192e-05
8,MODE(credit_bureau_a_1.classificationofcontr_400M),rolling_oof,fold_train_native_category,1,14136,7.074136955e-05
8,MODE(credit_bureau_a_1.contractst_964M),early_stopping,fold_train_native_category,1,70841,1.41161192e-05
8,MODE(credit_bureau_a_1.contractst_964M),rolling_oof,fold_train_native_category,0,14136,0
8,MODE(credit_bureau_a_1.financialinstitution_382M),early_stopping,fold_train_native_category,5,70841,7.058059598e-05
8,MODE(credit_bureau_a_1.financialinstitution_382M),rolling_oof,fold_train_native_category,14,14136,0.0009903791737
8,MODE(tax_registry_a_1.name_4527232M),early_stopping,fold_train_frequency,9737,70841,0.1374486526
8,MODE(tax_registry_a_1.name_4527232M),rolling_oof,fold_train_frequency,32,14136,0.002263723826
8,MODE(applprev_1.postype_4733339M),early_stopping,fold_train_native_category,0,70841,0
8,MODE(applprev_1.postype_4733339M),rolling_oof,fold_train_native_category,0,14136,0
8,MODE(applprev_1.status_219L),early_stopping,fold_train_native_category,0,70841,0
8,MODE(applprev_1.status_219L),rolling_oof,fold_train_native_category,0,14136,0
8,MODE(static_0.bankacctype_710L),early_stopping,fold_train_native_category,0,70841,0
8,MODE(static_0.bankacctype_710L),rolling_oof,fold_train_native_category,0,14136,0
8,MODE(static_0.credtype_322L),early_stopping,fold_train_native_category,0,70841,0
8,MODE(static_0.credtype_322L),rolling_oof,fold_train_native_category,0,14136,0
8,MODE(static_0.disbursementtype_67L),early_stopping,fold_train_native_category,0,70841,0
8,MODE(static_0.disbursementtype_67L),rolling_oof,fold_train_native_category,0,14136,0
8,MODE(static_0.lastapprcommoditycat_1041M),early_stopping,fold_train_native_category,1,70841,1.41161192e-05
8,MODE(static_0.lastapprcommoditycat_1041M),rolling_oof,fold_train_native_category,0,14136,0
8,MODE(static_0.lastapprcommoditytypec_5251766M),early_stopping,fold_train_native_category,0,70841,0
8,MODE(static_0.lastapprcommoditytypec_5251766M),rolling_oof,fold_train_native_category,0,14136,0
8,MODE(static_0.lastcancelreason_561M),early_stopping,fold_train_native_category,0,70841,0
8,MODE(static_0.lastcancelreason_561M),rolling_oof,fold_train_native_category,0,14136,0
8,MODE(static_0.lastrejectcommoditycat_161M),early_stopping,fold_train_native_category,0,70841,0
8,MODE(static_0.lastrejectcommoditycat_161M),rolling_oof,fold_train_native_category,0,14136,0
8,MODE(static_0.lastrejectcommodtypec_5251769M),early_stopping,fold_train_native_category,0,70841,0
8,MODE(static_0.lastrejectcommodtypec_5251769M),rolling_oof,fold_train_native_category,0,14136,0
8,MODE(static_0.lastrejectreason_759M),early_stopping,fold_train_native_category,0,70841,0
8,MODE(static_0.lastrejectreason_759M),rolling_oof,fold_train_native_category,0,14136,0
8,MODE(static_0.lastrejectreasonclient_4145040M),early_stopping,fold_train_native_category,0,70841,0
8,MODE(static_0.lastrejectreasonclient_4145040M),rolling_oof,fold_train_native_category,0,14136,0
8,MODE(static_0.lastst_736L),early_stopping,fold_train_native_category,0,70841,0
8,MODE(static_0.lastst_736L),rolling_oof,fold_train_native_category,0,14136,0
8,MODE(static_0.previouscontdistrict_112M),early_stopping,fold_train_native_category,86,70841,0.001213986251
8,MODE(static_0.previouscontdistrict_112M),rolling_oof,fold_train_native_category,164,14136,0.01160158461
8,MODE(static_0.typesuite_864L),early_stopping,fold_train_native_category,0,70841,0
8,MODE(static_0.typesuite_864L),rolling_oof,fold_train_native_category,0,14136,0
8,MODE(static_cb_0.description_5085714M),early_stopping,fold_train_native_category,0,70841,0
8,MODE(static_cb_0.description_5085714M),rolling_oof,fold_train_native_category,0,14136,0
8,MODE(static_cb_0.education_1103M),early_stopping,fold_train_native_category,0,70841,0
8,MODE(static_cb_0.education_1103M),rolling_oof,fold_train_native_category,0,14136,0
8,MODE(static_cb_0.education_88M),early_stopping,fold_train_native_category,0,70841,0
8,MODE(static_cb_0.education_88M),rolling_oof,fold_train_native_category,0,14136,0
8,MODE(static_cb_0.maritalst_385M),early_stopping,fold_train_native_category,0,70841,0
8,MODE(static_cb_0.maritalst_385M),rolling_oof,fold_train_native_category,0,14136,0
8,MODE(static_cb_0.requesttype_4525192L),early_stopping,fold_train_native_category,0,70841,0
8,MODE(static_cb_0.requesttype_4525192L),rolling_oof,fold_train_native_category,0,14136,0
8,MONTH(date_decision),early_stopping,fold_train_native_category,0,70841,0
8,MONTH(date_decision),rolling_oof,fold_train_native_category,0,14136,0
8,SEASON(date_decision),early_stopping,fold_train_native_category,0,70841,0
8,SEASON(date_decision),rolling_oof,fold_train_native_category,0,14136,0
8,WEEKDAY(date_decision),early_stopping,fold_train_native_category,0,70841,0
8,WEEKDAY(date_decision),rolling_oof,fold_train_native_category,0,14136,0
