model,importance_type,feature,fold_count,mean_normalized_importance,std_normalized_importance,mean_rank
lightgbm,gain,MODE(person_1.contaddr_zipcode_807M),8,0.1376331813,0.02765081058,1.375
lightgbm,gain,MODE(static_0.previouscontdistrict_112M),8,0.1352911483,0.02413728188,1.625
lightgbm,gain,MODE(person_1.contaddr_district_15M),8,0.07371086313,0.01544709051,3.25
lightgbm,gain,SUM(credit_bureau_a_1.dpdmax_139P),8,0.06347693485,0.007442728664,3.75
lightgbm,gain,SUM(static_0.maxdpdlast12m_727P),8,0.03928067369,0.005008653414,5
lightgbm,gain,MAX(credit_bureau_a_1.numberofcontrsvalue_358L),8,0.03301987239,0.00318300776,7
lightgbm,gain,MODE(applprev_1.status_219L),8,0.032926779,0.003943470388,7.375
lightgbm,gain,SUM(static_cb_0.days120_123L),8,0.03238767651,0.003178426,7.75
lightgbm,gain,SUM(static_0.avgdbddpdlast24m_3658932P),8,0.0306493951,0.004561899629,9.125
lightgbm,gain,MODE(person_1.incometype_1044T),8,0.02900827926,0.002904711913,10.125
lightgbm,gain,MAX(applprev_1.maxdpdtolerance_577P),8,0.02640422507,0.005968535057,11.375
lightgbm,gain,SUM(static_0.numinstlswithdpd10_728L),8,0.02305952561,0.003873689094,12.75
lightgbm,gain,MAX(credit_bureau_a_1.dpdmax_139P),8,0.02284077412,0.006321258828,13.375
lightgbm,gain,SUM(static_0.pmtnum_254L),8,0.0223884956,0.003611696569,13.125
lightgbm,gain,MAX(static_cb_0.pmtscount_423L),8,0.01883239763,0.003231065831,15.75
lightgbm,gain,MAX(static_0.mobilephncnt_593L),8,0.01843301364,0.001726100858,15.25
lightgbm,gain,MODE(person_1.sex_738L),8,0.01565555408,0.001994793674,17.25
lightgbm,gain,MEAN(credit_bureau_a_2.pmts_overdue_1152A),8,0.01471951393,0.008372845415,21.25
lightgbm,gain,MAX(credit_bureau_a_1.instlamount_768A),8,0.01342755952,0.001634987684,20.125
lightgbm,gain,MAX(credit_bureau_a_1.numberofinstls_320L),8,0.01276639637,0.0006967436141,19.75
lightgbm,gain,MEAN(applprev_1.currdebt_94A),8,0.01184008157,0.0009693687229,22.125
lightgbm,gain,MAX(static_0.numrejects9m_859L),8,0.01173600883,0.0028322882,21.625
lightgbm,gain,MODE(static_0.lastrejectreason_759M),8,0.01097856772,0.002046371776,23.25
lightgbm,gain,MAX_MIN_DELTA(credit_bureau_a_1.dpdmaxdateyear_596T),8,0.01044012188,0.002768824404,24.375
lightgbm,gain,SUM(static_cb_0.days30_165L),8,0.01008994965,0.001550172387,25.375
lightgbm,gain,MODE(static_0.lastcancelreason_561M),8,0.009684993969,0.002239864572,26
lightgbm,gain,MAX(static_0.eir_270L),8,0.009556820564,0.002073875612,26.25
lightgbm,gain,MODE(static_0.disbursementtype_67L),8,0.009512910035,0.001729473463,26.375
lightgbm,gain,MODE(static_0.credtype_322L),8,0.00833581701,0.001742388722,28.375
lightgbm,gain,MAX(credit_bureau_a_1.dpdmax_757P),8,0.006894664415,0.002335686538,31.75
lightgbm,gain,MAX(static_0.avgdbddpdlast3m_4187120P),8,0.006843477998,0.0008959254157,30.5
lightgbm,gain,MAX(credit_bureau_a_1.nominalrate_281L),8,0.006586387423,0.001283626708,31.875
lightgbm,gain,MONTH(date_decision),8,0.005655617808,0.0009395114568,33.25
lightgbm,gain,SUM(applprev_1.maxdpdtolerance_577P),8,0.005513554575,0.001808532195,34.75
lightgbm,gain,MODE(credit_bureau_a_1.financialinstitution_382M),8,0.005282337777,0.002574778357,37.125
lightgbm,gain,MAX(static_0.homephncnt_628L),8,0.004747861933,0.0007251923307,36
lightgbm,gain,MODE(person_1.empladdr_district_926M),8,0.004246208325,0.001550366959,39.25
lightgbm,gain,STD(applprev_1.maxdpdtolerance_577P),8,0.003965593835,0.0007855246832,39.25
lightgbm,gain,MODE(static_0.lastapprcommoditycat_1041M),8,0.003920181487,0.00101786276,39.75
lightgbm,gain,MODE(static_cb_0.education_1103M),8,0.003716496732,0.0007995791188,40.375
lightgbm,gain,MAX(static_0.maxdpdinstlnum_3546846P),8,0.003609702017,0.0003354465247,41
lightgbm,gain,WEEKDAY(date_decision),8,0.003515589607,0.0006310321301,42
lightgbm,gain,MAX(static_0.numcontrs3months_479L),8,0.00343756915,0.0003204546194,42
lightgbm,gain,COUNT(credit_bureau_a_1),8,0.003255370109,0.001516226504,43.5
lightgbm,gain,MODE(static_0.lastst_736L),8,0.00304218123,0.0006123554107,44.5
lightgbm,gain,MAX(applprev_1.childnum_21L),8,0.002871723277,0.0003775662566,45.25
lightgbm,gain,MIN(credit_bureau_a_1.overdueamountmax2_398A),8,0.002416727356,0.001538455089,50.125
lightgbm,gain,MAX(static_0.maxinstallast24m_3658928A),8,0.002397522563,0.0007588974933,48.125
lightgbm,gain,COUNT(person_2),8,0.002004281825,0.0008077407385,51.125
lightgbm,gain,SUM(credit_bureau_a_1.periodicityofpmts_837L),8,0.001795978689,0.0007857828137,53.125
lightgbm,gain,MODE(static_cb_0.requesttype_4525192L),8,0.001603817546,0.00159633732,65.5625
lightgbm,gain,MODE(static_cb_0.maritalst_385M),8,0.001603604519,0.0002257115475,52.375
lightgbm,gain,MODE(static_0.lastrejectcommoditycat_161M),8,0.001517108225,0.0004474792051,54
lightgbm,gain,MODE(static_0.bankacctype_710L),8,0.001511334924,0.0008346318539,55.75
lightgbm,gain,MAX(applprev_1.byoccupationinc_3656910L),8,0.001490945372,0.0003765248989,53.625
lightgbm,gain,MAX(credit_bureau_a_1.nominalrate_498L),8,0.001317922919,0.0004723978476,57.25
lightgbm,gain,MAX_MIN_DELTA(credit_bureau_a_1.dpdmax_757P),8,0.001268202384,0.0004302660833,56.875
lightgbm,gain,MAX_MIN_DELTA(credit_bureau_a_1.dpdmaxdatemonth_442T),8,0.001195970543,0.000702926277,60
lightgbm,gain,MAX(static_0.maininc_215A),8,0.001123646309,0.0006677008445,59.875
lightgbm,gain,MODE(person_1.education_927M),8,0.0009901532238,0.0001785488664,59.125
lightgbm,gain,MODE(tax_registry_a_1.name_4527232M),8,0.0009362003975,0.001255031245,73.1875
lightgbm,gain,MODE(static_0.typesuite_864L),8,0.0008916293918,0.0002916908079,61.625
lightgbm,gain,SKEW(applprev_1.currdebt_94A),8,0.0007518460366,0.0003894048266,64.375
lightgbm,gain,STD(credit_bureau_a_1.dpdmax_139P),8,0.0007425418078,0.0002583691945,64.25
lightgbm,gain,COUNT(person_1),8,0.0006955047239,0.0003899857201,65.875
lightgbm,gain,MAX(credit_bureau_a_1.residualamount_488A),8,0.0006321889473,0.0003372704498,67.875
lightgbm,gain,MODE(person_1.language1_981M),8,0.0006128166307,0.0002982354798,67.5
lightgbm,gain,MODE(person_1.role_1084L),8,0.0006059934304,0.0002988083724,68.875
lightgbm,gain,MAX(credit_bureau_a_1.overdueamountmax2_398A),8,0.000594339058,0.0003275175881,67.625
lightgbm,gain,STD(applprev_1.actualdpd_943P),8,0.0005791056398,0.0001224869983,67.25
lightgbm,gain,MODE(person_1.empladdr_zipcode_114M),8,0.0005737505576,0.0006317607845,72
lightgbm,gain,MODE(credit_bureau_a_1.classificationofcontr_400M),8,0.000542060948,0.0003049419968,68.375
lightgbm,gain,STD(applprev_1.childnum_21L),8,0.0004989829769,0.0001919473268,69.125
lightgbm,gain,SEASON(date_decision),8,0.0004444893204,0.0003673253635,73.75
lightgbm,gain,MAX(static_0.numactiverelcontr_750L),8,0.0004074089799,0.0001927201666,72.875
lightgbm,gain,MAX(applprev_1.downpmt_134A),8,0.0003704314542,0.0002229027453,73.625
lightgbm,gain,MIN(applprev_1.credacc_credlmt_575A),8,0.0003522595476,0.0002363478486,74.25
lightgbm,gain,MAX(static_0.lastrejectcredamount_222A),8,0.0003284190303,0.0001935520991,76.6875
lightgbm,gain,MAX(credit_bureau_a_1.outstandingamount_354A),8,0.0002887731079,0.0001570016839,76.875
lightgbm,gain,SUM(credit_bureau_a_1.overdueamountmax2_398A),8,0.0002255208214,0.0001862372144,79.6875
lightgbm,gain,MODE(static_0.lastrejectreasonclient_4145040M),8,0.000193073799,0.0002240635459,82.0625
lightgbm,gain,MIN(credit_bureau_a_1.monthlyinstlamount_674A),8,0.000176123643,0.0001450638676,83
lightgbm,gain,MAX(static_0.numactivecreds_622L),8,0.0001456229287,0.0001221484018,82.9375
lightgbm,gain,MAX_MIN_DELTA(applprev_2.num_group2),8,0.0001445805729,9.539205574e-05,82.75
lightgbm,gain,ENTROPY(applprev_1.cancelreason_3545846M),8,0.0001424168683,0.0001363803061,84.125
lightgbm,gain,MODE(person_1.type_25L),8,0.0001194149019,0.0001069749455,84.4375
lightgbm,gain,MIN(credit_bureau_a_2.pmts_overdue_1152A),8,0.0001040448652,0.0001285160914,86.4375
lightgbm,gain,MAX(static_0.avgpmtlast12m_4525200A),8,9.022265296e-05,0.0001089950601,88.75
lightgbm,gain,MAX(static_0.maxlnamtstart6m_4525199A),8,7.568808878e-05,0.0001085513254,88.3125
lightgbm,gain,MIN(applprev_1.currdebt_94A),8,7.34356231e-05,8.921451323e-05,88
lightgbm,gain,STD(credit_bureau_a_1.nominalrate_498L),8,6.715944036e-05,6.694131827e-05,87.6875
lightgbm,gain,SKEW(applprev_1.actualdpd_943P),8,5.228353991e-05,6.990398402e-05,88.0625
lightgbm,gain,MODE(applprev_1.postype_4733339M),8,3.709616923e-05,0.0001049238113,93.0625
lightgbm,gain,MODE(static_cb_0.description_5085714M),8,2.631441311e-05,5.09700091e-05,92.3125
lightgbm,gain,MODE(static_cb_0.education_88M),8,2.182041825e-05,6.171746286e-05,93.6875
lightgbm,gain,MAX(static_0.maxpmtlast3m_4525190A),8,1.524393779e-05,2.669936108e-05,92.5
lightgbm,gain,MODE(credit_bureau_a_1.contractst_964M),8,1.19308892e-05,1.880998679e-05,92.1875
lightgbm,gain,MAX(credit_bureau_a_1.overdueamount_31A),8,0,0,94.9375
lightgbm,gain,MODE(static_0.lastapprcommoditytypec_5251766M),8,0,0,94.9375
lightgbm,gain,MODE(static_0.lastrejectcommodtypec_5251769M),8,0,0,94.9375
lightgbm,split,MODE(person_1.contaddr_zipcode_807M),8,0.2318705006,0.0502739977,1.375
lightgbm,split,MODE(static_0.previouscontdistrict_112M),8,0.2132636749,0.01519376348,1.625
lightgbm,split,MODE(person_1.contaddr_district_15M),8,0.1244482087,0.01380248441,3
lightgbm,split,SUM(static_cb_0.days120_123L),8,0.02014251241,0.00493921833,4.625
lightgbm,split,SUM(static_0.pmtnum_254L),8,0.01962157225,0.004190631305,4.875
lightgbm,split,MODE(person_1.incometype_1044T),8,0.0164519139,0.004207614288,7.25
lightgbm,split,MAX(credit_bureau_a_1.numberofcontrsvalue_358L),8,0.0157515114,0.003864656657,8.375
lightgbm,split,MAX(static_0.mobilephncnt_593L),8,0.01513296743,0.003085933324,9
lightgbm,split,MEAN(applprev_1.currdebt_94A),8,0.01505620226,0.002399831981,8.375
lightgbm,split,MAX(static_cb_0.pmtscount_423L),8,0.01384458886,0.002991023235,10.3125
lightgbm,split,SUM(credit_bureau_a_1.dpdmax_139P),8,0.01354795864,0.00293436696,11.5
lightgbm,split,MAX(credit_bureau_a_1.instlamount_768A),8,0.01216711974,0.001304687348,12.75
lightgbm,split,MODE(person_1.empladdr_district_926M),8,0.01071953423,0.004464791048,18.9375
lightgbm,split,SUM(static_0.maxdpdlast12m_727P),8,0.01055104602,0.001734090856,16.5
lightgbm,split,MAX(static_0.eir_270L),8,0.01053239394,0.00202219478,16.3125
lightgbm,split,SUM(static_0.avgdbddpdlast24m_3658932P),8,0.01020680393,0.001937867669,16.625
lightgbm,split,MAX(credit_bureau_a_1.numberofinstls_320L),8,0.01008557791,0.001000458192,17.25
lightgbm,split,MAX(credit_bureau_a_1.dpdmax_139P),8,0.009711925403,0.002086276756,18.6875
lightgbm,split,MODE(static_0.disbursementtype_67L),8,0.009384340146,0.002239119534,20.0625
lightgbm,split,MODE(person_1.sex_738L),8,0.009318788038,0.0022006738,19.8125
lightgbm,split,SUM(static_0.numinstlswithdpd10_728L),8,0.009243554262,0.002088016542,20.625
lightgbm,split,MONTH(date_decision),8,0.008738802781,0.00193133771,22.25
lightgbm,split,SUM(static_cb_0.days30_165L),8,0.008272062968,0.002235716512,24.6875
lightgbm,split,MODE(static_0.lastapprcommoditycat_1041M),8,0.008147920462,0.001441247172,23
lightgbm,split,MODE(static_0.credtype_322L),8,0.008094376986,0.001416155506,24.1875
lightgbm,split,MAX_MIN_DELTA(credit_bureau_a_1.dpdmaxdateyear_596T),8,0.00804139002,0.002105527904,25.3125
lightgbm,split,MAX(credit_bureau_a_1.nominalrate_281L),8,0.007225496846,0.001444267904,27.875
lightgbm,split,MODE(credit_bureau_a_1.financialinstitution_382M),8,0.007130669109,0.0030959745,29
lightgbm,split,MODE(static_0.lastcancelreason_561M),8,0.007024860831,0.002055994101,27.5625
lightgbm,split,MEAN(credit_bureau_a_2.pmts_overdue_1152A),8,0.006662819193,0.001270426832,29.1875
lightgbm,split,WEEKDAY(date_decision),8,0.006080823948,0.0008628601357,31.0625
lightgbm,split,MAX(static_0.maxdpdinstlnum_3546846P),8,0.005880337292,0.0006965968176,32.5
lightgbm,split,MAX(applprev_1.maxdpdtolerance_577P),8,0.00558976623,0.001084498999,33.9375
lightgbm,split,MAX(credit_bureau_a_1.dpdmax_757P),8,0.005370449522,0.0009620441657,34.75
lightgbm,split,MAX(static_0.maxinstallast24m_3658928A),8,0.005326019267,0.001333060974,35.0625
lightgbm,split,MODE(applprev_1.status_219L),8,0.005049168941,0.00138168255,36.1875
lightgbm,split,MAX(static_0.avgdbddpdlast3m_4187120P),8,0.004595523284,0.0005219207758,39.25
lightgbm,split,MAX(static_0.numrejects9m_859L),8,0.00456788131,0.0006608801393,38.875
lightgbm,split,MAX(static_0.homephncnt_628L),8,0.004451804638,0.001119883408,40.375
lightgbm,split,MODE(static_cb_0.education_1103M),8,0.004425564016,0.0009956494807,40.625
lightgbm,split,MODE(static_0.lastrejectreason_759M),8,0.004287648992,0.0008521263802,41.5625
lightgbm,split,MODE(static_0.lastst_736L),8,0.004103347587,0.0005933186048,42.0625
lightgbm,split,SUM(applprev_1.maxdpdtolerance_577P),8,0.004066409357,0.0008654875695,42.375
lightgbm,split,MAX(applprev_1.childnum_21L),8,0.004065865367,0.0005568172372,42
lightgbm,split,MODE(static_0.lastrejectcommoditycat_161M),8,0.004031790466,0.00100861825,41.3125
lightgbm,split,STD(applprev_1.maxdpdtolerance_577P),8,0.003718422578,0.0006855468226,44.9375
lightgbm,split,MODE(static_cb_0.maritalst_385M),8,0.003155203553,0.0002644219936,48.3125
lightgbm,split,COUNT(credit_bureau_a_1),8,0.003130794453,0.001147529627,47.875
lightgbm,split,MAX(static_0.numcontrs3months_479L),8,0.003107378994,0.0005847361618,48.25
lightgbm,split,MAX(static_0.maininc_215A),8,0.002944722785,0.001599644366,48.75
lightgbm,split,COUNT(person_2),8,0.002575593936,0.000394976762,51.5
lightgbm,split,MAX(credit_bureau_a_1.nominalrate_498L),8,0.002556222302,0.0007867035356,51.5625
lightgbm,split,MAX(applprev_1.byoccupationinc_3656910L),8,0.002359308193,0.0003870859808,53.25
lightgbm,split,MODE(person_1.education_927M),8,0.002330320622,0.0004790652843,53.5
lightgbm,split,MODE(person_1.empladdr_zipcode_114M),8,0.001861392874,0.002175170092,62.0625
lightgbm,split,MIN(credit_bureau_a_1.overdueamountmax2_398A),8,0.001750304565,0.0006819011856,59.625
lightgbm,split,MODE(tax_registry_a_1.name_4527232M),8,0.001596478306,0.001911319092,70.5
lightgbm,split,MODE(static_0.typesuite_864L),8,0.001524079145,0.000413678818,60.4375
lightgbm,split,COUNT(person_1),8,0.001463370916,0.0006439230844,63
lightgbm,split,STD(credit_bureau_a_1.dpdmax_139P),8,0.001458531234,0.0002957510997,60.1875
lightgbm,split,MODE(static_cb_0.requesttype_4525192L),8,0.00140683111,0.001358902245,71.125
lightgbm,split,MAX_MIN_DELTA(credit_bureau_a_1.dpdmax_757P),8,0.001294210617,0.0003897858112,63.6875
lightgbm,split,MAX(credit_bureau_a_1.overdueamountmax2_398A),8,0.001220221409,0.0004973562598,64.375
lightgbm,split,STD(applprev_1.actualdpd_943P),8,0.001214451743,0.0001824735516,63.8125
lightgbm,split,MODE(person_1.language1_981M),8,0.001189529993,0.0003485482209,65
lightgbm,split,MAX(applprev_1.downpmt_134A),8,0.00117273567,0.0007061951074,65.8125
lightgbm,split,MODE(person_1.role_1084L),8,0.00110352961,0.0004635275532,67.8125
lightgbm,split,MAX_MIN_DELTA(credit_bureau_a_1.dpdmaxdatemonth_442T),8,0.001074146796,0.0005312891963,68.125
lightgbm,split,STD(applprev_1.childnum_21L),8,0.001006285155,0.0003353091319,68.0625
lightgbm,split,MIN(applprev_1.credacc_credlmt_575A),8,0.0009988368161,0.0006073490647,67.5
lightgbm,split,SEASON(date_decision),8,0.0009017728207,0.0006694638791,71.6875
lightgbm,split,SKEW(applprev_1.currdebt_94A),8,0.0008963993101,0.0003819275423,69.4375
lightgbm,split,MAX(static_0.lastrejectcredamount_222A),8,0.0008609881035,0.0005458593415,72.0625
lightgbm,split,MODE(static_0.bankacctype_710L),8,0.0007509761494,0.0003306074935,73
lightgbm,split,MAX(credit_bureau_a_1.residualamount_488A),8,0.000666122552,0.0002705866355,74.3125
lightgbm,split,MAX(credit_bureau_a_1.outstandingamount_354A),8,0.0006375340043,0.0003312531472,75.375
lightgbm,split,SUM(credit_bureau_a_1.overdueamountmax2_398A),8,0.0006344323872,0.0004813842419,76.125
lightgbm,split,MODE(credit_bureau_a_1.classificationofcontr_400M),8,0.000584569291,0.0002244608549,75.3125
lightgbm,split,SUM(credit_bureau_a_1.periodicityofpmts_837L),8,0.0005219421938,0.0001769295791,77.3125
lightgbm,split,ENTROPY(applprev_1.cancelreason_3545846M),8,0.0005151489571,0.0004814583753,80.0625
lightgbm,split,MAX(static_0.numactiverelcontr_750L),8,0.0004444142724,0.0002611251787,79.125
lightgbm,split,MIN(credit_bureau_a_1.monthlyinstlamount_674A),8,0.0004407356379,0.0003842884484,80.75
lightgbm,split,MAX_MIN_DELTA(applprev_2.num_group2),8,0.0003762429622,0.0002798248516,81.625
lightgbm,split,MODE(person_1.type_25L),8,0.0003621556862,0.0003233472883,81.9375
lightgbm,split,MODE(static_0.lastrejectreasonclient_4145040M),8,0.0003158773161,0.0002814051041,82.6875
lightgbm,split,MAX(static_0.numactivecreds_622L),8,0.000305916173,0.000213128994,83.125
lightgbm,split,STD(credit_bureau_a_1.nominalrate_498L),8,0.0002186195276,0.0002207255499,86
lightgbm,split,MAX(static_0.maxlnamtstart6m_4525199A),8,0.0002157565008,0.0002326525409,86.8125
lightgbm,split,MIN(applprev_1.currdebt_94A),8,0.0001921068999,0.0002279973903,87
lightgbm,split,MAX(static_0.avgpmtlast12m_4525200A),8,0.0001605568944,0.0002336247177,89.4375
lightgbm,split,SKEW(applprev_1.actualdpd_943P),8,0.0001499706668,0.0001443963492,87.75
lightgbm,split,MIN(credit_bureau_a_2.pmts_overdue_1152A),8,0.0001195837757,0.0001511677855,88.25
lightgbm,split,MODE(applprev_1.postype_4733339M),8,9.53743443e-05,0.0002697593824,92.25
lightgbm,split,MAX(static_0.maxpmtlast3m_4525190A),8,5.3201948e-05,8.635226582e-05,92.3125
lightgbm,split,MODE(static_cb_0.description_5085714M),8,3.695107207e-05,7.510677711e-05,92.9375
lightgbm,split,MODE(credit_bureau_a_1.contractst_964M),8,3.279018973e-05,4.846568225e-05,92.3125
lightgbm,split,MODE(static_cb_0.education_88M),8,1.346257404e-05,3.80779096e-05,94.25
lightgbm,split,MAX(credit_bureau_a_1.overdueamount_31A),8,0,0,94.9375
lightgbm,split,MODE(static_0.lastapprcommoditytypec_5251766M),8,0,0,94.9375
lightgbm,split,MODE(static_0.lastrejectcommodtypec_5251769M),8,0,0,94.9375
xgboost,gain,MODE(applprev_1.status_219L),8,0.04714248787,0.005751312514,2
xgboost,gain,SUM(credit_bureau_a_1.dpdmax_139P),8,0.04624939938,0.008499920401,2.625
xgboost,gain,MAX(applprev_1.maxdpdtolerance_577P),8,0.04099591636,0.009524916619,3.25
xgboost,gain,SUM(static_0.maxdpdlast12m_727P),8,0.03455478463,0.003290341087,4.5
xgboost,gain,SUM(static_0.avgdbddpdlast24m_3658932P),8,0.03300447559,0.003155082882,5.625
xgboost,gain,SUM(credit_bureau_a_1.periodicityofpmts_837L),8,0.03236206718,0.0206728487,18.25
xgboost,gain,SUM(static_0.numinstlswithdpd10_728L),8,0.02990259647,0.005377101402,7
xgboost,gain,MAX(static_0.numrejects9m_859L),8,0.02958069955,0.005430408692,7.25
xgboost,gain,MAX(credit_bureau_a_1.dpdmax_139P),8,0.02342163683,0.005571046505,11.625
xgboost,gain,MEAN(credit_bureau_a_2.pmts_overdue_1152A),8,0.02281705315,0.008573282588,14.5
xgboost,gain,MAX(credit_bureau_a_1.numberofcontrsvalue_358L),8,0.02241601835,0.002253784488,11
xgboost,gain,MODE(static_0.lastrejectreason_759M),8,0.02115260626,0.002716557954,12.625
xgboost,gain,SUM(static_cb_0.days120_123L),8,0.01859923116,0.001857930374,14.5
xgboost,gain,MODE(person_1.incometype_1044T),8,0.01787781664,0.001972591031,15.875
xgboost,gain,MAX(credit_bureau_a_1.numberofinstls_320L),8,0.01771879616,0.002375971799,16.125
xgboost,gain,MODE(static_0.lastcancelreason_561M),8,0.01765672907,0.004968418593,17.875
xgboost,gain,MODE(person_1.sex_738L),8,0.01710974916,0.00139512035,17.5
xgboost,gain,MAX(static_cb_0.pmtscount_423L),8,0.0164502943,0.00117086657,18.375
xgboost,gain,MODE(static_0.bankacctype_710L),8,0.01637231131,0.004983205717,21.75
xgboost,gain,MIN(credit_bureau_a_1.overdueamountmax2_398A),8,0.01579624281,0.006432352061,25.75
xgboost,gain,MAX(credit_bureau_a_1.residualamount_488A),8,0.01537195082,0.008905310937,28.75
xgboost,gain,MAX_MIN_DELTA(credit_bureau_a_1.dpdmaxdateyear_596T),8,0.01418481106,0.001635104237,23.25
xgboost,gain,SUM(static_cb_0.days30_165L),8,0.01418099187,0.002284915121,22.375
xgboost,gain,MAX(static_0.mobilephncnt_593L),8,0.01359562785,0.001757511859,23.875
xgboost,gain,MAX(credit_bureau_a_1.dpdmax_757P),8,0.01330291598,0.00240095287,25.75
xgboost,gain,COUNT(person_2),8,0.01274731756,0.002914949127,28.5
xgboost,gain,SUM(static_0.pmtnum_254L),8,0.01254556338,0.002271975274,28.625
xgboost,gain,COUNT(credit_bureau_a_1),8,0.01243567852,0.002292219311,28.75
xgboost,gain,MAX(credit_bureau_a_1.instlamount_768A),8,0.01213632491,0.003258524365,29.875
xgboost,gain,MODE(static_0.credtype_322L),8,0.01191692857,0.00141568942,29.375
xgboost,gain,MAX(static_0.avgdbddpdlast3m_4187120P),8,0.01129512912,0.001952148384,32.25
xgboost,gain,MAX(static_0.homephncnt_628L),8,0.01070642323,0.00125274435,33.875
xgboost,gain,STD(applprev_1.maxdpdtolerance_577P),8,0.01064470618,0.002724762702,34.125
xgboost,gain,SUM(applprev_1.maxdpdtolerance_577P),8,0.01056546412,0.001944994548,35.375
xgboost,gain,MODE(static_0.disbursementtype_67L),8,0.01044561552,0.0008280510541,36.125
xgboost,gain,MODE(person_1.contaddr_zipcode_807M),8,0.010267388,0.001763758213,36.5
xgboost,gain,MAX(credit_bureau_a_1.nominalrate_281L),8,0.01016626619,0.002333002719,36.125
xgboost,gain,MAX(static_0.numcontrs3months_479L),8,0.01013951236,0.001388321664,36.5
xgboost,gain,MODE(credit_bureau_a_1.financialinstitution_382M),8,0.009977465505,0.0007506876866,37.625
xgboost,gain,MAX(static_0.eir_270L),8,0.009715911216,0.001232567189,38.75
xgboost,gain,MODE(static_cb_0.education_1103M),8,0.00944431528,0.001484914763,38.5
xgboost,gain,MAX_MIN_DELTA(credit_bureau_a_1.dpdmax_757P),8,0.008461810422,0.002069540353,43
xgboost,gain,MODE(static_0.previouscontdistrict_112M),8,0.008230384301,0.001615473197,44.125
xgboost,gain,MEAN(applprev_1.currdebt_94A),8,0.007820951606,0.0005264277299,46.625
xgboost,gain,MAX(applprev_1.childnum_21L),8,0.007782487428,0.0008751214937,46.75
xgboost,gain,MODE(person_1.contaddr_district_15M),8,0.00730715797,0.00166483011,48.5
xgboost,gain,MODE(static_0.lastst_736L),8,0.007255943998,0.001992816766,49.625
xgboost,gain,COUNT(person_1),8,0.007230242099,0.004617538539,53.375
xgboost,gain,MODE(person_1.empladdr_zipcode_114M),8,0.006993940662,0.001398242119,50.125
xgboost,gain,MAX_MIN_DELTA(credit_bureau_a_1.dpdmaxdatemonth_442T),8,0.00690466239,0.003097033124,51.75
xgboost,gain,MODE(person_1.education_927M),8,0.006483303626,0.0002494676676,51.75
xgboost,gain,MODE(person_1.language1_981M),8,0.006264247597,0.006948151597,62.375
xgboost,gain,MODE(person_1.empladdr_district_926M),8,0.006043448173,0.001314696573,56.375
xgboost,gain,MODE(credit_bureau_a_1.classificationofcontr_400M),8,0.005790201908,0.003075344394,58.25
xgboost,gain,SKEW(applprev_1.currdebt_94A),8,0.005787409453,0.002725522442,57.25
xgboost,gain,MAX(static_0.numactiverelcontr_750L),8,0.005674170466,0.002087063689,57.375
xgboost,gain,MAX(static_0.maxdpdinstlnum_3546846P),8,0.005595377563,0.0005148801687,56.5
xgboost,gain,MODE(static_cb_0.requesttype_4525192L),8,0.005495065176,0.004859784154,60.875
xgboost,gain,MAX(credit_bureau_a_1.nominalrate_498L),8,0.005448200575,0.0008623757005,58.5
xgboost,gain,MIN(credit_bureau_a_2.pmts_overdue_1152A),8,0.005367126766,0.009963895447,75.0625
xgboost,gain,MAX(credit_bureau_a_1.overdueamountmax2_398A),8,0.005344874097,0.004672129663,65.875
xgboost,gain,STD(applprev_1.actualdpd_943P),8,0.005296000859,0.0006225915969,58.375
xgboost,gain,MODE(person_1.role_1084L),8,0.005163410795,0.002620029691,62.25
xgboost,gain,MODE(static_0.typesuite_864L),8,0.004901005264,0.002574975168,64.125
xgboost,gain,MAX(applprev_1.byoccupationinc_3656910L),8,0.00475666169,0.0005777900187,62.75
xgboost,gain,MODE(static_cb_0.maritalst_385M),8,0.004404483729,0.0006875966581,64.5
xgboost,gain,MODE(static_0.lastrejectcommoditycat_161M),8,0.004365613946,0.0009353897176,64.5
xgboost,gain,MODE(static_0.lastapprcommoditycat_1041M),8,0.004113550508,0.000834466868,66.75
xgboost,gain,MAX(credit_bureau_a_1.outstandingamount_354A),8,0.003986855706,0.0007152929453,67.5
xgboost,gain,MODE(static_0.lastrejectreasonclient_4145040M),8,0.003791667443,0.0008631994852,68.5
xgboost,gain,WEEKDAY(date_decision),8,0.003791320737,0.0008240597605,69.375
xgboost,gain,STD(credit_bureau_a_1.dpdmax_139P),8,0.003419863074,0.001072684325,72
xgboost,gain,MODE(tax_registry_a_1.name_4527232M),8,0.003419518805,0.003234908609,71.25
xgboost,gain,MONTH(date_decision),8,0.003337146906,0.001051776414,72.75
xgboost,gain,STD(applprev_1.childnum_21L),8,0.003161292957,0.001082222454,73.25
xgboost,gain,MAX(static_0.maxinstallast24m_3658928A),8,0.003014935636,0.0006170169642,75.75
xgboost,gain,MIN(credit_bureau_a_1.monthlyinstlamount_674A),8,0.002916265506,0.0012732517,74.75
xgboost,gain,SEASON(date_decision),8,0.002904925118,0.002004512524,76.25
xgboost,gain,MODE(person_1.type_25L),8,0.002641349384,0.0007019417072,78.125
xgboost,gain,MIN(applprev_1.currdebt_94A),8,0.002571534389,0.001454904784,79
xgboost,gain,SUM(credit_bureau_a_1.overdueamountmax2_398A),8,0.002567903894,0.0007121510514,78.75
xgboost,gain,MAX(applprev_1.downpmt_134A),8,0.002471668231,0.0008687145713,79.625
xgboost,gain,MAX(static_0.maininc_215A),8,0.002411579602,0.0006373090778,80
xgboost,gain,MAX(static_0.numactivecreds_622L),8,0.002255193016,0.001790824629,80.875
xgboost,gain,MIN(applprev_1.credacc_credlmt_575A),8,0.002230754908,0.002391390578,78.25
xgboost,gain,SKEW(applprev_1.actualdpd_943P),8,0.00216822523,0.001233541897,81.125
xgboost,gain,STD(credit_bureau_a_1.nominalrate_498L),8,0.002122047863,0.00133535331,81.875
xgboost,gain,MAX_MIN_DELTA(applprev_2.num_group2),8,0.002098989059,0.0007115494774,83
xgboost,gain,MODE(static_cb_0.education_88M),8,0.002030995638,0.005744523152,86.4375
xgboost,gain,ENTROPY(applprev_1.cancelreason_3545846M),8,0.001618285716,0.0005483300018,86.25
xgboost,gain,MAX(static_0.lastrejectcredamount_222A),8,0.001465012218,0.0004858276523,87.375
xgboost,gain,MAX(static_0.avgpmtlast12m_4525200A),8,0.001380060922,0.001630376983,85.375
xgboost,gain,MODE(credit_bureau_a_1.contractst_964M),8,0.001265999409,0.001473789257,87
xgboost,gain,MAX(static_0.maxpmtlast3m_4525190A),8,0.001170276678,0.001971235995,87.75
xgboost,gain,MAX(credit_bureau_a_1.overdueamount_31A),8,0.001098329834,0.001206092954,89.375
xgboost,gain,MAX(static_0.maxlnamtstart6m_4525199A),8,0.0008304696545,0.001144006642,89.75
xgboost,gain,MODE(applprev_1.postype_4733339M),8,0.0006085799711,0.001145638189,90.6875
xgboost,gain,MODE(static_0.lastapprcommoditytypec_5251766M),8,0,0,95.9375
xgboost,gain,MODE(static_0.lastrejectcommodtypec_5251769M),8,0,0,95.9375
xgboost,gain,MODE(static_cb_0.description_5085714M),8,0,0,95.9375
xgboost,weight,MODE(person_1.contaddr_zipcode_807M),8,0.179085315,0.03065012053,1.5
xgboost,weight,MODE(static_0.previouscontdistrict_112M),8,0.1731990668,0.01415289125,1.5
xgboost,weight,MODE(person_1.contaddr_district_15M),8,0.1180722293,0.01325307675,3
xgboost,weight,MONTH(date_decision),8,0.02890670806,0.01092396849,6.5
xgboost,weight,MODE(person_1.incometype_1044T),8,0.02218233437,0.002925713262,5
xgboost,weight,SUM(static_0.pmtnum_254L),8,0.02185550084,0.002926284587,5.5
xgboost,weight,SUM(static_cb_0.days120_123L),8,0.02079252178,0.002380978421,6.375
xgboost,weight,MAX(credit_bureau_a_1.numberofcontrsvalue_358L),8,0.01811136823,0.002111236894,8.875
xgboost,weight,MEAN(applprev_1.currdebt_94A),8,0.01767239078,0.001594740514,9.0625
xgboost,weight,SUM(credit_bureau_a_1.dpdmax_139P),8,0.01755054396,0.002649693073,9.0625
xgboost,weight,MAX(static_0.mobilephncnt_593L),8,0.01629579607,0.001758092794,10.625
xgboost,weight,SUM(static_0.maxdpdlast12m_727P),8,0.01402750192,0.002344567522,13.8125
xgboost,weight,MAX(static_cb_0.pmtscount_423L),8,0.01340348117,0.002780306338,15.6875
xgboost,weight,MODE(static_0.lastapprcommoditycat_1041M),8,0.01306847594,0.001690754878,14.5
xgboost,weight,MAX(credit_bureau_a_1.dpdmax_139P),8,0.01258348391,0.001821259588,15.5
xgboost,weight,MAX(credit_bureau_a_1.instlamount_768A),8,0.01216030042,0.000785198879,16.125
xgboost,weight,WEEKDAY(date_decision),8,0.01151725977,0.00123408908,18.1875
xgboost,weight,MODE(person_1.sex_738L),8,0.01130149141,0.001607518347,18.625
xgboost,weight,SUM(static_0.avgdbddpdlast24m_3658932P),8,0.0112210193,0.0016425852,18.75
xgboost,weight,MAX(static_0.eir_270L),8,0.01077613889,0.002401295968,21.1875
xgboost,weight,SUM(static_0.numinstlswithdpd10_728L),8,0.009889283733,0.001425915125,23
xgboost,weight,MODE(static_0.disbursementtype_67L),8,0.009250151128,0.001386219175,25.125
xgboost,weight,MAX(credit_bureau_a_1.numberofinstls_320L),8,0.009219431217,0.0005952777772,24.9375
xgboost,weight,MAX_MIN_DELTA(credit_bureau_a_1.dpdmaxdateyear_596T),8,0.009167414463,0.001594043552,24.9375
xgboost,weight,SUM(static_cb_0.days30_165L),8,0.008824597,0.001322698525,26.25
xgboost,weight,MAX(applprev_1.maxdpdtolerance_577P),8,0.008671724847,0.001306348663,26.8125
xgboost,weight,MODE(applprev_1.status_219L),8,0.008587552429,0.001422586702,27.875
xgboost,weight,MODE(credit_bureau_a_1.financialinstitution_382M),8,0.008318225682,0.002996480495,29.5625
xgboost,weight,MODE(static_0.credtype_322L),8,0.008232505002,0.001742267788,29
xgboost,weight,MODE(person_1.empladdr_district_926M),8,0.008099893539,0.002140876381,28.9375
xgboost,weight,MAX(static_0.maxinstallast24m_3658928A),8,0.007783041944,0.001246006479,29.375
xgboost,weight,MODE(person_1.empladdr_zipcode_114M),8,0.007440469148,0.002018701627,32.1875
xgboost,weight,MAX(static_0.avgdbddpdlast3m_4187120P),8,0.007208269475,0.0006191170315,32.5625
xgboost,weight,MEAN(credit_bureau_a_2.pmts_overdue_1152A),8,0.007009389037,0.001488442629,34.6875
xgboost,weight,MODE(static_0.lastcancelreason_561M),8,0.006880458447,0.001390914254,34.1875
xgboost,weight,MODE(static_0.lastrejectreason_759M),8,0.006661652294,0.000717665706,35
xgboost,weight,SUM(applprev_1.maxdpdtolerance_577P),8,0.006447019458,0.001137114574,36.3125
xgboost,weight,MAX(static_0.maxdpdinstlnum_3546846P),8,0.006237362064,0.001124719404,37.25
xgboost,weight,MAX(credit_bureau_a_1.dpdmax_757P),8,0.006170167015,0.001334319591,37.6875
xgboost,weight,MAX(credit_bureau_a_1.nominalrate_281L),8,0.006007054414,0.0007720643699,38.625
xgboost,weight,MODE(static_0.lastst_736L),8,0.005587515155,0.0008528917727,40.875
xgboost,weight,MODE(static_cb_0.maritalst_385M),8,0.005586392214,0.0008065799666,40.625
xgboost,weight,MAX(static_0.homephncnt_628L),8,0.005432762802,0.0009204872641,42.3125
xgboost,weight,MODE(static_cb_0.education_1103M),8,0.005351792746,0.0006476781178,42.4375
xgboost,weight,MAX(static_0.numrejects9m_859L),8,0.00491036053,0.0005275286845,44.875
xgboost,weight,MAX(applprev_1.childnum_21L),8,0.004709250074,0.0004057855941,46.125
xgboost,weight,MAX(static_0.maininc_215A),8,0.004678968783,0.001360106006,46.3125
xgboost,weight,STD(applprev_1.maxdpdtolerance_577P),8,0.00464936026,0.0009381527524,46.25
xgboost,weight,MAX(static_0.numcontrs3months_479L),8,0.00373525555,0.0006205100971,50.9375
xgboost,weight,MAX(applprev_1.byoccupationinc_3656910L),8,0.003719390511,0.000534012304,50.1875
xgboost,weight,MODE(static_0.lastrejectcommoditycat_161M),8,0.003470311537,0.0008525865998,51
xgboost,weight,MAX(static_0.lastrejectcredamount_222A),8,0.003387160343,0.0007867261881,50.5625
xgboost,weight,COUNT(credit_bureau_a_1),8,0.003363891748,0.001205201205,51.5
xgboost,weight,ENTROPY(applprev_1.cancelreason_3545846M),8,0.002858344705,0.0007781003783,54.25
xgboost,weight,MAX(credit_bureau_a_1.nominalrate_498L),8,0.00247694646,0.001106393272,56.8125
xgboost,weight,STD(credit_bureau_a_1.dpdmax_139P),8,0.002334717934,0.0007227530382,57.75
xgboost,weight,MAX_MIN_DELTA(credit_bureau_a_1.dpdmaxdatemonth_442T),8,0.001887972309,0.001038362248,62.9375
xgboost,weight,MIN(credit_bureau_a_1.overdueamountmax2_398A),8,0.001818501867,0.0005990232907,60.625
xgboost,weight,SEASON(date_decision),8,0.001801075785,0.001047230803,64.625
xgboost,weight,STD(applprev_1.childnum_21L),8,0.001786199919,0.0003880970154,61.6875
xgboost,weight,MODE(person_1.education_927M),8,0.001649310052,0.0003300348176,62.875
xgboost,weight,MAX_MIN_DELTA(credit_bureau_a_1.dpdmax_757P),8,0.001642359569,0.000658817441,64
xgboost,weight,MODE(static_0.lastrejectreasonclient_4145040M),8,0.001582045989,0.0003868147999,64.75
xgboost,weight,SUM(credit_bureau_a_1.overdueamountmax2_398A),8,0.001540966101,0.0008889646974,66.375
xgboost,weight,COUNT(person_1),8,0.001523443887,0.0005348461493,65.1875
xgboost,weight,MAX(credit_bureau_a_1.overdueamountmax2_398A),8,0.001304034244,0.0006937449737,67.5
xgboost,weight,MODE(tax_registry_a_1.name_4527232M),8,0.001292557411,0.001711381794,75.5
xgboost,weight,MODE(static_0.typesuite_864L),8,0.001290229837,0.000422743439,67.25
xgboost,weight,SKEW(applprev_1.currdebt_94A),8,0.001130025389,0.0003893774789,69.1875
xgboost,weight,MODE(static_cb_0.requesttype_4525192L),8,0.001128069136,0.001539066871,76.9375
xgboost,weight,COUNT(person_2),8,0.001094081629,0.0004099685331,69.1875
xgboost,weight,MODE(static_0.bankacctype_710L),8,0.001063647307,0.0003147285901,70.3125
xgboost,weight,STD(applprev_1.actualdpd_943P),8,0.0009614151058,0.0004193147072,72.125
xgboost,weight,MAX_MIN_DELTA(applprev_2.num_group2),8,0.0009534024794,0.0004296596055,72.4375
xgboost,weight,MAX(applprev_1.downpmt_134A),8,0.0008563559455,0.0002753588106,72.8125
xgboost,weight,MODE(person_1.language1_981M),8,0.0008206629179,0.0003547491313,74
xgboost,weight,MODE(credit_bureau_a_1.classificationofcontr_400M),8,0.0007159682677,0.0004325835382,76.1875
xgboost,weight,MODE(person_1.type_25L),8,0.000627944763,0.000211187544,76.8125
xgboost,weight,SUM(credit_bureau_a_1.periodicityofpmts_837L),8,0.0005945540729,0.0002143149974,77.8125
xgboost,weight,MAX(credit_bureau_a_1.outstandingamount_354A),8,0.0005582760509,0.0003007336427,77.8125
xgboost,weight,MAX(credit_bureau_a_1.residualamount_488A),8,0.0005066185196,0.0001898579945,79.375
xgboost,weight,MAX(static_0.numactiverelcontr_750L),8,0.000459326524,0.0002587785024,80.4375
xgboost,weight,MIN(credit_bureau_a_1.monthlyinstlamount_674A),8,0.0004419475786,0.0003240933573,81.5625
xgboost,weight,MODE(person_1.role_1084L),8,0.0003899538728,0.0002701438111,82.5
xgboost,weight,MIN(applprev_1.credacc_credlmt_575A),8,0.0003752572004,0.0005499688208,86.25
xgboost,weight,SKEW(applprev_1.actualdpd_943P),8,0.0003363374684,0.0001452424254,83.8125
xgboost,weight,STD(credit_bureau_a_1.nominalrate_498L),8,0.0003192448123,0.0002545099055,84.8125
xgboost,weight,MAX(static_0.numactivecreds_622L),8,0.0002797545521,0.000134650813,85.375
xgboost,weight,MAX(static_0.avgpmtlast12m_4525200A),8,0.0002207706532,0.0003639348347,89.5
xgboost,weight,MIN(applprev_1.currdebt_94A),8,0.00021941516,0.0001126326982,85.9375
xgboost,weight,MAX(static_0.maxlnamtstart6m_4525199A),8,0.000178115525,0.0002916165071,90.8125
xgboost,weight,MODE(credit_bureau_a_1.contractst_964M),8,0.0001395069558,0.0001533868052,90.625
xgboost,weight,MODE(applprev_1.postype_4733339M),8,0.0001161114803,0.0002921552495,93.0625
xgboost,weight,MAX(static_0.maxpmtlast3m_4525190A),8,9.676906007e-05,0.0001460332222,92.5625
xgboost,weight,MAX(credit_bureau_a_1.overdueamount_31A),8,8.511384123e-05,7.459739665e-05,91.9375
xgboost,weight,MIN(credit_bureau_a_2.pmts_overdue_1152A),8,5.759703511e-05,0.0001072081691,93.1875
xgboost,weight,MODE(static_cb_0.education_88M),8,1.40481007e-05,3.973402906e-05,95
xgboost,weight,MODE(static_0.lastapprcommoditytypec_5251766M),8,0,0,95.9375
xgboost,weight,MODE(static_0.lastrejectcommodtypec_5251769M),8,0,0,95.9375
xgboost,weight,MODE(static_cb_0.description_5085714M),8,0,0,95.9375
