feature,role,use_in_model,source_dtype,categorical,cardinality_full_for_inventory_only,encoding
case_id,ALIGNMENT_ONLY,False,int32,False,1526659,not_modeled
week_num,SPLIT_AND_MONITOR_ONLY,False,int8,False,92,not_modeled
COUNT(person_1),PREDICTOR_ALLOWED,True,float32,False,9,native_numeric
MODE(person_1.contaddr_district_15M),PREDICTOR_ALLOWED,True,int16,True,887,decided_from_each_fold_fit_cardinality
MODE(person_1.contaddr_zipcode_807M),PREDICTOR_ALLOWED,True,int16,True,3490,decided_from_each_fold_fit_cardinality
MODE(person_1.education_927M),PREDICTOR_ALLOWED,True,int8,True,6,decided_from_each_fold_fit_cardinality
MODE(person_1.empladdr_district_926M),PREDICTOR_ALLOWED,True,int16,True,222,decided_from_each_fold_fit_cardinality
MODE(person_1.empladdr_zipcode_114M),PREDICTOR_ALLOWED,True,int16,True,2602,decided_from_each_fold_fit_cardinality
MODE(person_1.incometype_1044T),PREDICTOR_ALLOWED,True,int8,True,9,decided_from_each_fold_fit_cardinality
MODE(person_1.language1_981M),PREDICTOR_ALLOWED,True,int8,True,3,decided_from_each_fold_fit_cardinality
MODE(person_1.role_1084L),PREDICTOR_ALLOWED,True,int8,True,3,decided_from_each_fold_fit_cardinality
MODE(person_1.sex_738L),PREDICTOR_ALLOWED,True,int8,True,2,decided_from_each_fold_fit_cardinality
MODE(person_1.type_25L),PREDICTOR_ALLOWED,True,int8,True,6,decided_from_each_fold_fit_cardinality
COUNT(credit_bureau_a_1),PREDICTOR_ALLOWED,True,float32,False,169,native_numeric
MAX(credit_bureau_a_1.dpdmax_139P),PREDICTOR_ALLOWED,True,float32,False,3358,native_numeric
MAX(credit_bureau_a_1.dpdmax_757P),PREDICTOR_ALLOWED,True,float32,False,4179,native_numeric
MAX(credit_bureau_a_1.instlamount_768A),PREDICTOR_ALLOWED,True,float32,False,160518,native_numeric
MAX(credit_bureau_a_1.nominalrate_281L),PREDICTOR_ALLOWED,True,float32,False,1279,native_numeric
MAX(credit_bureau_a_1.nominalrate_498L),PREDICTOR_ALLOWED,True,float32,False,1735,native_numeric
MAX(credit_bureau_a_1.numberofcontrsvalue_358L),PREDICTOR_ALLOWED,True,float32,False,163,native_numeric
MAX(credit_bureau_a_1.numberofinstls_320L),PREDICTOR_ALLOWED,True,float32,False,350,native_numeric
MAX(credit_bureau_a_1.outstandingamount_354A),PREDICTOR_ALLOWED,True,float32,False,657,native_numeric
MAX(credit_bureau_a_1.overdueamount_31A),PREDICTOR_ALLOWED,True,float32,False,834,native_numeric
MAX(credit_bureau_a_1.overdueamountmax2_398A),PREDICTOR_ALLOWED,True,float32,False,426123,native_numeric
MAX(credit_bureau_a_1.residualamount_488A),PREDICTOR_ALLOWED,True,float32,False,10,native_numeric
MAX_MIN_DELTA(credit_bureau_a_1.dpdmax_757P),PREDICTOR_ALLOWED,True,float32,False,4139,native_numeric
MAX_MIN_DELTA(credit_bureau_a_1.dpdmaxdatemonth_442T),PREDICTOR_ALLOWED,True,float32,False,12,native_numeric
MAX_MIN_DELTA(credit_bureau_a_1.dpdmaxdateyear_596T),PREDICTOR_ALLOWED,True,float32,False,6,native_numeric
MIN(credit_bureau_a_1.monthlyinstlamount_674A),PREDICTOR_ALLOWED,True,float32,False,93259,native_numeric
MIN(credit_bureau_a_1.overdueamountmax2_398A),PREDICTOR_ALLOWED,True,float32,False,66481,native_numeric
MODE(credit_bureau_a_1.classificationofcontr_400M),PREDICTOR_ALLOWED,True,int8,True,104,decided_from_each_fold_fit_cardinality
MODE(credit_bureau_a_1.contractst_964M),PREDICTOR_ALLOWED,True,int8,True,26,decided_from_each_fold_fit_cardinality
MODE(credit_bureau_a_1.financialinstitution_382M),PREDICTOR_ALLOWED,True,int16,True,180,decided_from_each_fold_fit_cardinality
STD(credit_bureau_a_1.dpdmax_139P),PREDICTOR_ALLOWED,True,float32,False,17093,native_numeric
STD(credit_bureau_a_1.nominalrate_498L),PREDICTOR_ALLOWED,True,float32,False,117418,native_numeric
SUM(credit_bureau_a_1.dpdmax_139P),PREDICTOR_ALLOWED,True,float32,False,3661,native_numeric
SUM(credit_bureau_a_1.overdueamountmax2_398A),PREDICTOR_ALLOWED,True,float32,False,514941,native_numeric
SUM(credit_bureau_a_1.periodicityofpmts_837L),PREDICTOR_ALLOWED,True,float32,False,43,native_numeric
MODE(tax_registry_a_1.name_4527232M),PREDICTOR_ALLOWED,True,int32,True,108913,decided_from_each_fold_fit_cardinality
ENTROPY(applprev_1.cancelreason_3545846M),PREDICTOR_ALLOWED,True,float32,False,1301,native_numeric
MAX(applprev_1.byoccupationinc_3656910L),PREDICTOR_ALLOWED,True,float32,False,19146,native_numeric
MAX(applprev_1.childnum_21L),PREDICTOR_ALLOWED,True,float32,False,21,native_numeric
MAX(applprev_1.downpmt_134A),PREDICTOR_ALLOWED,True,float32,False,19636,native_numeric
MAX(applprev_1.maxdpdtolerance_577P),PREDICTOR_ALLOWED,True,float32,False,3639,native_numeric
MEAN(applprev_1.currdebt_94A),PREDICTOR_ALLOWED,True,float32,False,480649,native_numeric
MIN(applprev_1.credacc_credlmt_575A),PREDICTOR_ALLOWED,True,float32,False,17294,native_numeric
MIN(applprev_1.currdebt_94A),PREDICTOR_ALLOWED,True,float32,False,82358,native_numeric
MODE(applprev_1.postype_4733339M),PREDICTOR_ALLOWED,True,int8,True,10,decided_from_each_fold_fit_cardinality
MODE(applprev_1.status_219L),PREDICTOR_ALLOWED,True,int8,True,10,decided_from_each_fold_fit_cardinality
SKEW(applprev_1.actualdpd_943P),PREDICTOR_ALLOWED,True,float32,False,126,native_numeric
SKEW(applprev_1.currdebt_94A),PREDICTOR_ALLOWED,True,float32,False,83749,native_numeric
STD(applprev_1.actualdpd_943P),PREDICTOR_ALLOWED,True,float32,False,551,native_numeric
STD(applprev_1.childnum_21L),PREDICTOR_ALLOWED,True,float32,False,2288,native_numeric
STD(applprev_1.maxdpdtolerance_577P),PREDICTOR_ALLOWED,True,float32,False,39850,native_numeric
SUM(applprev_1.maxdpdtolerance_577P),PREDICTOR_ALLOWED,True,float32,False,3854,native_numeric
MEAN(credit_bureau_a_2.pmts_overdue_1152A),PREDICTOR_ALLOWED,True,float32,False,622874,native_numeric
MIN(credit_bureau_a_2.pmts_overdue_1152A),PREDICTOR_ALLOWED,True,float32,False,11797,native_numeric
MAX(static_0.avgdbddpdlast3m_4187120P),PREDICTOR_ALLOWED,True,float32,False,3940,native_numeric
MAX(static_0.avgpmtlast12m_4525200A),PREDICTOR_ALLOWED,True,float32,False,92821,native_numeric
MAX(static_0.eir_270L),PREDICTOR_ALLOWED,True,float32,False,116,native_numeric
MAX(static_0.homephncnt_628L),PREDICTOR_ALLOWED,True,float32,False,15,native_numeric
MAX(static_0.lastrejectcredamount_222A),PREDICTOR_ALLOWED,True,float32,False,76041,native_numeric
MAX(static_0.maininc_215A),PREDICTOR_ALLOWED,True,float32,False,7739,native_numeric
MAX(static_0.maxdpdinstlnum_3546846P),PREDICTOR_ALLOWED,True,float32,False,80,native_numeric
MAX(static_0.maxinstallast24m_3658928A),PREDICTOR_ALLOWED,True,float32,False,205592,native_numeric
MAX(static_0.maxlnamtstart6m_4525199A),PREDICTOR_ALLOWED,True,float32,False,229585,native_numeric
MAX(static_0.maxpmtlast3m_4525190A),PREDICTOR_ALLOWED,True,float32,False,140998,native_numeric
MAX(static_0.mobilephncnt_593L),PREDICTOR_ALLOWED,True,float32,False,24,native_numeric
MAX(static_0.numactivecreds_622L),PREDICTOR_ALLOWED,True,float32,False,8,native_numeric
MAX(static_0.numactiverelcontr_750L),PREDICTOR_ALLOWED,True,float32,False,9,native_numeric
MAX(static_0.numcontrs3months_479L),PREDICTOR_ALLOWED,True,float32,False,42,native_numeric
MAX(static_0.numrejects9m_859L),PREDICTOR_ALLOWED,True,float32,False,65,native_numeric
MODE(static_0.bankacctype_710L),PREDICTOR_ALLOWED,True,int8,True,2,decided_from_each_fold_fit_cardinality
MODE(static_0.credtype_322L),PREDICTOR_ALLOWED,True,int8,True,4,decided_from_each_fold_fit_cardinality
MODE(static_0.disbursementtype_67L),PREDICTOR_ALLOWED,True,int8,True,4,decided_from_each_fold_fit_cardinality
MODE(static_0.lastapprcommoditycat_1041M),PREDICTOR_ALLOWED,True,int8,True,45,decided_from_each_fold_fit_cardinality
MODE(static_0.lastapprcommoditytypec_5251766M),PREDICTOR_ALLOWED,True,int16,True,214,decided_from_each_fold_fit_cardinality
MODE(static_0.lastcancelreason_561M),PREDICTOR_ALLOWED,True,int8,True,74,decided_from_each_fold_fit_cardinality
MODE(static_0.lastrejectcommoditycat_161M),PREDICTOR_ALLOWED,True,int8,True,45,decided_from_each_fold_fit_cardinality
MODE(static_0.lastrejectcommodtypec_5251769M),PREDICTOR_ALLOWED,True,int16,True,187,decided_from_each_fold_fit_cardinality
MODE(static_0.lastrejectreason_759M),PREDICTOR_ALLOWED,True,int8,True,18,decided_from_each_fold_fit_cardinality
MODE(static_0.lastrejectreasonclient_4145040M),PREDICTOR_ALLOWED,True,int8,True,14,decided_from_each_fold_fit_cardinality
MODE(static_0.lastst_736L),PREDICTOR_ALLOWED,True,int8,True,12,decided_from_each_fold_fit_cardinality
MODE(static_0.previouscontdistrict_112M),PREDICTOR_ALLOWED,True,int16,True,223,decided_from_each_fold_fit_cardinality
MODE(static_0.typesuite_864L),PREDICTOR_ALLOWED,True,int8,True,2,decided_from_each_fold_fit_cardinality
SUM(static_0.avgdbddpdlast24m_3658932P),PREDICTOR_ALLOWED,True,float32,False,4524,native_numeric
SUM(static_0.maxdpdlast12m_727P),PREDICTOR_ALLOWED,True,float32,False,3503,native_numeric
SUM(static_0.numinstlswithdpd10_728L),PREDICTOR_ALLOWED,True,float32,False,236,native_numeric
SUM(static_0.pmtnum_254L),PREDICTOR_ALLOWED,True,float32,False,41,native_numeric
COUNT(person_2),PREDICTOR_ALLOWED,True,float32,False,30,native_numeric
MAX(static_cb_0.pmtscount_423L),PREDICTOR_ALLOWED,True,float32,False,67,native_numeric
MODE(static_cb_0.description_5085714M),PREDICTOR_ALLOWED,True,int8,True,3,decided_from_each_fold_fit_cardinality
MODE(static_cb_0.education_1103M),PREDICTOR_ALLOWED,True,int8,True,6,decided_from_each_fold_fit_cardinality
MODE(static_cb_0.education_88M),PREDICTOR_ALLOWED,True,int8,True,6,decided_from_each_fold_fit_cardinality
MODE(static_cb_0.maritalst_385M),PREDICTOR_ALLOWED,True,int8,True,7,decided_from_each_fold_fit_cardinality
MODE(static_cb_0.requesttype_4525192L),PREDICTOR_ALLOWED,True,int8,True,4,decided_from_each_fold_fit_cardinality
SUM(static_cb_0.days120_123L),PREDICTOR_ALLOWED,True,float32,False,45,native_numeric
SUM(static_cb_0.days30_165L),PREDICTOR_ALLOWED,True,float32,False,22,native_numeric
MAX_MIN_DELTA(applprev_2.num_group2),PREDICTOR_ALLOWED,True,float32,False,11,native_numeric
MONTH(date_decision),PREDICTOR_ALLOWED,True,int8,True,12,decided_from_each_fold_fit_cardinality
SEASON(date_decision),PREDICTOR_ALLOWED,True,int8,True,4,decided_from_each_fold_fit_cardinality
WEEKDAY(date_decision),PREDICTOR_ALLOWED,True,int8,True,7,decided_from_each_fold_fit_cardinality
target,LABEL_ONLY,False,int8,False,2,not_modeled
