model,fold_id,n_scored,bad_rate,auc,ks,lift_10,lift_20,average_precision,lift_05,stability,mean_weekly_gini,gini_slope,gini_residual_std,weeks_scored,weeks_skipped_single_class
lightgbm,1,86704,0.03826813065,0.7975518948,0.4483565085,4.050632911,3.065099458,0.1511407023,5.063291139,-0.6866101117,0.5947454634,-0.01449925596,0.01084210109,4,0
lightgbm,2,109021,0.03476394456,0.800810451,0.4588830794,4.145118734,3.075197889,0.1375854099,5.203166227,0.5837576446,0.5997290637,0.001433191087,0.03194283812,4,0
lightgbm,3,115400,0.03552859619,0.8025393432,0.4608399623,4.009756098,3.023170732,0.1380107036,4.83902439,0.590500843,0.6023780161,0.007323361598,0.02375434619,4,0
lightgbm,4,82387,0.03847694418,0.8010465702,0.4566574926,3.921135647,3.034700315,0.1463966653,4.826498423,-0.05264327466,0.6002996799,-0.007380358913,0.006942740352,4,0
lightgbm,5,70841,0.04806538586,0.8019600506,0.4620423093,3.87958884,2.97650514,0.1720641859,4.622613803,0.01712854899,0.6043291911,-0.006627289264,0.00799837364,4,0
lightgbm,6,62933,0.04798754231,0.7971695493,0.4465858442,3.878476821,2.963576159,0.1761815075,4.61589404,0.5888527669,0.5958417906,0.01422709863,0.01397804749,4,0
lightgbm,7,18238,0.02741528676,0.7958579321,0.4648923216,3.94,2.94,0.1083190083,4.72,-0.3449494408,0.5756666335,-0.01020685492,0.04482568353,4,0
lightgbm,8,14136,0.02221279004,0.8310892264,0.5127688067,4.74522293,3.391719745,0.110096335,5.923566879,0.5850466657,0.6132774603,0.05964378998,0.05646158924,4,0
xgboost,1,86704,0.03826813065,0.7951892216,0.4460070349,3.96925859,3.021398433,0.1509373143,4.972875226,-0.4025259262,0.5901800821,-0.01122108035,0.01050187458,4,0
xgboost,2,109021,0.03476394456,0.7985561743,0.4514296315,4.121372032,3.046174142,0.1358085979,5.171503958,0.5432631867,0.5956482413,-0.0004215146945,0.03058352296,4,0
xgboost,3,115400,0.03552859619,0.7982958254,0.4531672255,3.965853659,2.985365854,0.1362934558,4.873170732,0.5832711784,0.5941056546,0.00901083396,0.02166895256,4,0
xgboost,4,82387,0.03847694418,0.799979882,0.4549621176,3.968454259,3.055205047,0.1455330809,4.826498423,-0.09644774959,0.5986459036,-0.007846596348,0.009186349043,4,0
xgboost,5,70841,0.04806538586,0.7992399886,0.4555721076,3.835535977,2.942731278,0.1690650192,4.740088106,0.09733130173,0.5988719814,-0.00566113566,0.006721483297,4,0
xgboost,6,62933,0.04798754231,0.7954588486,0.4459349169,3.837748344,2.90397351,0.1732359272,4.642384106,0.5854381973,0.5925339793,0.01428540684,0.01419156399,4,0
xgboost,7,18238,0.02741528676,0.794870504,0.4669004397,3.98,2.97,0.1064082066,4.72,0.4377262254,0.5822567974,-0.001404955612,0.04178895639,4,0
xgboost,8,14136,0.02221279004,0.8311288567,0.5302365748,4.585987261,3.439490446,0.1009693219,5.605095541,0.5861051065,0.6144743107,0.06129814677,0.05673840833,4,0
blend,1,86704,0.03826813065,0.7980592992,0.4495438377,4.04159132,3.056057866,0.1529887385,5.093429777,-0.5445755326,0.5958338821,-0.0128996937,0.01047273874,4,0
blend,2,109021,0.03476394456,0.8011155079,0.4577115244,4.126649077,3.08707124,0.1379085347,5.308707124,0.584820976,0.6005389084,0.0005100657002,0.03143586477,4,0
blend,3,115400,0.03552859619,0.8017792354,0.4607314882,3.985365854,3.02195122,0.1382960786,4.926829268,0.5895596844,0.600958934,0.008174635795,0.02279849926,4,0
blend,4,82387,0.03847694418,0.8019197418,0.4579498259,3.96214511,3.039432177,0.1472442969,4.940063091,-0.09143551357,0.602297766,-0.007838869809,0.007825472749,4,0
blend,5,70841,0.04806538586,0.8020850356,0.4588033912,3.914831131,2.986784141,0.1719718966,4.740088106,0.04009557324,0.6045785046,-0.006373907462,0.007158149318,4,0
blend,6,62933,0.04798754231,0.7974370564,0.4464469673,3.874172185,2.946357616,0.1764061024,4.693046358,0.5892924006,0.5965036004,0.01419965431,0.01442239958,4,0
blend,7,18238,0.02741528676,0.7965146014,0.46874191,3.88,2.98,0.108477638,4.6,0.01428305393,0.5805614548,-0.006184446269,0.04409425845,4,0
blend,8,14136,0.02221279004,0.8324198384,0.5263269946,4.777070064,3.423566879,0.1069129893,5.732484076,0.5875992056,0.6158316231,0.06081202699,0.05646483498,4,0
