model,week_num,n_scored,bad_rate,auc,ks,lift_10,lift_20,lift_05,average_precision,gini
lightgbm,40,23907,0.03484335132,0.8141845886,0.4741973239,4.345738295,3.199279712,5.570228091,0.1614221267,0.6283691773
lightgbm,41,21125,0.03990532544,0.7931641611,0.4447586773,3.84341637,3.013048636,4.768683274,0.1513014141,0.5863283223
lightgbm,42,20643,0.03880249964,0.7916024421,0.4463480598,4.057428215,2.996254682,4.993757803,0.1497288522,0.5832048841
lightgbm,43,21029,0.03999239146,0.7905397351,0.4405930272,3.793103448,3.002378121,4.68489893,0.1463755708,0.5810794701
lightgbm,44,25887,0.03623440337,0.8140039796,0.4912751651,4.264392324,3.182302772,5.330490405,0.1533016553,0.6280079593
lightgbm,45,28947,0.03458044011,0.7856593596,0.4341524431,3.886113886,2.937062937,4.675324675,0.1236183043,0.5713187192
lightgbm,46,22299,0.04103323019,0.7822735552,0.4315503241,3.836065574,2.868852459,4.743169399,0.1367971468,0.5645471104
lightgbm,47,31888,0.02935273457,0.8175212329,0.4971900246,4.455128205,3.263888889,6.047008547,0.1449052093,0.6350424658
lightgbm,48,22298,0.03991389362,0.79361165,0.4542061353,3.876404494,2.870786517,4.764044944,0.1471459813,0.5872232999
lightgbm,49,30938,0.03277522788,0.8117103104,0.4884655196,4.211045365,3.185404339,5.147928994,0.1333926472,0.6234206209
lightgbm,50,26244,0.04039018442,0.7845700737,0.4287395711,3.58490566,2.877358491,4.301886792,0.1384755949,0.5691401474
lightgbm,51,35920,0.03162583519,0.8148639982,0.4768227581,4.295774648,3.213028169,5.228873239,0.1386425831,0.6297279964
lightgbm,52,22915,0.03006764128,0.8042981605,0.4564581786,4.238026125,3.120464441,5.312046444,0.1268989345,0.6085963209
lightgbm,53,22194,0.03708209426,0.8064833091,0.4719228366,3.997569866,3.201701094,4.860267315,0.1490666321,0.6129666183
lightgbm,54,18740,0.04637139808,0.7934888372,0.4493261032,3.682393556,2.934407365,4.441887227,0.1562666292,0.5869776745
lightgbm,55,18538,0.04256122559,0.7963290529,0.4574697116,3.764258555,2.915082383,4.74017744,0.1585087842,0.5926581058
lightgbm,56,17072,0.04750468604,0.8028599591,0.4718037779,3.859432799,2.959309494,4.562268804,0.1667507108,0.6057199182
lightgbm,57,18221,0.04599088963,0.8088083137,0.4809063721,4.165871122,3.102625298,4.91646778,0.1733230292,0.6176166273
lightgbm,58,17819,0.04865592906,0.8033592917,0.4693842115,3.737024221,2.964244521,4.61361015,0.1817258439,0.6067185834
lightgbm,59,17729,0.05014383214,0.7936308177,0.4440694394,3.768278965,2.919010124,4.386951631,0.1702612297,0.5872616353
lightgbm,60,15864,0.04595310136,0.794029591,0.4447582186,3.882030178,2.995884774,4.581618656,0.1790334239,0.588059182
lightgbm,61,15568,0.05183710175,0.7879775375,0.4347788602,3.593556382,2.837670384,4.163568773,0.1717726032,0.575955075
lightgbm,62,17164,0.05214402237,0.7939137771,0.4452304843,3.988826816,2.921787709,4.849162011,0.189711018,0.5878275543
lightgbm,63,14337,0.04108251378,0.8157626755,0.4886137474,3.989813243,3.115449915,4.821731749,0.1647105402,0.6315253511
lightgbm,64,10268,0.03135956369,0.7993612714,0.4618430206,3.913043478,2.98136646,4.596273292,0.1172427351,0.5987225427
lightgbm,65,4258,0.02254579615,0.8032921872,0.524842824,3.75,2.96875,4.375,0.09317917986,0.6065843745
lightgbm,66,2278,0.02282704126,0.7478488493,0.4315778561,2.884615385,2.596153846,3.846153846,0.1081483,0.4956976985
lightgbm,67,1434,0.02092050209,0.8008309592,0.5150997151,5.333333333,3,6.666666667,0.1661931323,0.6016619183
lightgbm,68,825,0.02545454545,0.7735726131,0.5046197584,2.380952381,2.857142857,1.904761905,0.06623534876,0.5471452262
lightgbm,69,1582,0.02212389381,0.7548250069,0.4100840336,2.857142857,2.714285714,4,0.06143736531,0.5096500139
lightgbm,70,3808,0.02153361345,0.8603550528,0.5666902321,5.853658537,3.658536585,6.926829268,0.1342348388,0.7207101057
lightgbm,71,7921,0.02221941674,0.8378022478,0.5523270145,4.886363636,3.4375,6.25,0.1258667773,0.6756044956
xgboost,40,23907,0.03484335132,0.8089049263,0.4666130819,4.24969988,3.181272509,5.474189676,0.1560138203,0.6178098526
xgboost,41,21125,0.03990532544,0.7921754332,0.4447131157,3.890865955,2.959667853,4.792408066,0.1500969221,0.5843508663
xgboost,42,20643,0.03880249964,0.7875273021,0.4466026931,3.871410737,2.90886392,5.118601748,0.1537641877,0.5750546043
xgboost,43,21029,0.03999239146,0.7917525027,0.4442151623,3.922711058,2.978596908,4.565992866,0.149677073,0.5835050054
xgboost,44,25887,0.03623440337,0.8135781429,0.4826516456,4.33901919,3.192963753,5.309168443,0.1494130591,0.6271562858
xgboost,45,28947,0.03458044011,0.7821920261,0.424561912,3.776223776,2.892107892,4.722277722,0.121907122,0.5643840522
xgboost,46,22299,0.04103323019,0.7828800298,0.4245630255,3.846994536,2.918032787,4.524590164,0.1365235829,0.5657600596
xgboost,47,31888,0.02935273457,0.8126462839,0.4814800087,4.423076923,3.205128205,5.876068376,0.1446007177,0.6252925677
xgboost,48,22298,0.03991389362,0.7888516684,0.4417101241,3.808988764,2.859550562,4.764044944,0.1443452452,0.5777033368
xgboost,49,30938,0.03277522788,0.8055048463,0.471362758,4.112426036,3.121301775,5.147928994,0.132749204,0.6110096927
xgboost,50,26244,0.04039018442,0.7822251812,0.4311344729,3.650943396,2.783018868,4.452830189,0.1370048833,0.5644503623
xgboost,51,35920,0.03162583519,0.8116296134,0.4761295464,4.322183099,3.133802817,5.035211268,0.1370098367,0.6232592268
xgboost,52,22915,0.03006764128,0.8013900808,0.4510703282,4.296081277,3.055152395,5.195936139,0.1220786494,0.6027801616
xgboost,53,22194,0.03708209426,0.8088178112,0.4700081582,4.228432564,3.128797084,5.030376671,0.1517935606,0.6176356224
xgboost,54,18740,0.04637139808,0.7937483367,0.4492044024,3.705408516,2.940161105,4.533947066,0.1604351472,0.5874966734
xgboost,55,18538,0.04256122559,0.7933355784,0.4530098306,3.81495564,2.984790875,4.661596958,0.1543478262,0.5866711568
xgboost,56,17072,0.04750468604,0.8004992694,0.4647123059,3.775585697,2.930949445,4.552404439,0.1642648488,0.6009985387
xgboost,57,18221,0.04599088963,0.8037153478,0.4640659262,4.069212411,3.054892601,4.91646778,0.1683061935,0.6074306955
xgboost,58,17819,0.04865592906,0.8018402799,0.4654706579,3.725490196,2.923875433,4.91349481,0.180192172,0.6036805598
xgboost,59,17729,0.05014383214,0.7916890659,0.4463658492,3.734533183,2.896512936,4.454443195,0.1679667545,0.5833781318
xgboost,60,15864,0.04595310136,0.7925387561,0.4443693997,3.832647462,2.914951989,4.581618656,0.179391548,0.5850775123
xgboost,61,15568,0.05183710175,0.7859218173,0.4251600071,3.55638166,2.82527881,4.039653036,0.1700425201,0.5718436346
xgboost,62,17164,0.05214402237,0.7924285176,0.4425789734,3.959776536,2.893854749,5.005586592,0.1879789204,0.5848570352
xgboost,63,14337,0.04108251378,0.8141788674,0.4921478932,3.989813243,3.064516129,4.719864177,0.1587889377,0.6283577349
xgboost,64,10268,0.03135956369,0.7960588107,0.4634635729,3.944099379,2.826086957,4.472049689,0.111361124,0.5921176215
xgboost,65,4258,0.02254579615,0.8031244994,0.5028632068,3.645833333,3.125,4.791666667,0.0988663165,0.6062489989
xgboost,66,2278,0.02282704126,0.7558573502,0.4227831917,3.461538462,2.884615385,4.230769231,0.1165503769,0.5117147004
xgboost,67,1434,0.02092050209,0.8094729345,0.4951566952,5,3.333333333,6,0.1971168003,0.6189458689
xgboost,68,825,0.02545454545,0.7684198057,0.4573560768,2.380952381,2.380952381,1.904761905,0.0680030884,0.5368396115
xgboost,69,1582,0.02212389381,0.7598300859,0.4241758242,2.571428571,2.428571429,4.571428571,0.06336809964,0.5196601718
xgboost,70,3808,0.02153361345,0.8652579763,0.6074126442,5.365853659,3.841463415,6.829268293,0.1154790649,0.7305159525
xgboost,71,7921,0.02221941674,0.8354407536,0.5525940489,5.056818182,3.465909091,5.909090909,0.1155191869,0.6708815071
blend,40,23907,0.03484335132,0.813207254,0.4751291866,4.273709484,3.211284514,5.69027611,0.1613477313,0.6264145079
blend,41,21125,0.03990532544,0.794526623,0.4494881951,3.873072361,2.983392645,4.798339265,0.1520872058,0.589053246
blend,42,20643,0.03880249964,0.7910758727,0.4527440941,4.057428215,2.996254682,5.018726592,0.1533262007,0.5821517454
blend,43,21029,0.03999239146,0.7928580146,0.438159246,3.983353151,3.042806183,4.68489893,0.1501471999,0.5857160291
blend,44,25887,0.03623440337,0.8153853477,0.4932211391,4.349680171,3.208955224,5.4445629,0.1532639158,0.6307706955
blend,45,28947,0.03458044011,0.7850681309,0.4286100717,3.796203796,2.932067932,4.595404595,0.1240612495,0.5701362618
blend,46,22299,0.04103323019,0.784049256,0.4273933936,3.857923497,2.945355191,4.612021858,0.1372885883,0.5680985119
blend,47,31888,0.02935273457,0.8165750822,0.4873937699,4.337606838,3.267094017,6.153846154,0.1463292605,0.6331501644
blend,48,22298,0.03991389362,0.7926142543,0.4525407912,3.887640449,2.887640449,4.764044944,0.146853135,0.5852285085
blend,49,30938,0.03277522788,0.8099653738,0.4816518744,4.218934911,3.165680473,5.147928994,0.1344711277,0.6199307476
blend,50,26244,0.04039018442,0.7846667021,0.4351929047,3.575471698,2.830188679,4.490566038,0.1388608433,0.5693334043
blend,51,35920,0.03162583519,0.8146715378,0.4807467737,4.313380282,3.173415493,5.105633803,0.1395145888,0.6293430756
blend,52,22915,0.03006764128,0.8044202079,0.4581213937,4.223512337,3.084179971,5.457184325,0.126329143,0.6088404159
blend,53,22194,0.03708209426,0.8091210804,0.4736602952,4.070473876,3.147023086,4.981773998,0.1521100346,0.6182421609
blend,54,18740,0.04637139808,0.7949876879,0.4526104774,3.739930955,2.922899885,4.672036824,0.1593582836,0.5899753759
blend,55,18538,0.04256122559,0.7960665557,0.4562032842,3.81495564,2.953105196,4.790874525,0.1572927584,0.5921331115
blend,56,17072,0.04750468604,0.8034419421,0.4734455386,3.871763255,2.934648582,4.601726264,0.1670924078,0.6068838842
blend,57,18221,0.04599088963,0.8076113579,0.4745048965,4.140811456,3.114558473,5.035799523,0.1721687832,0.6152227157
blend,58,17819,0.04865592906,0.8041217403,0.4694881756,3.783160323,2.964244521,4.750865052,0.1823545541,0.6082434806
blend,59,17729,0.05014383214,0.7939819689,0.4437549597,3.847019123,2.90776153,4.521934758,0.1704462477,0.5879639377
blend,60,15864,0.04595310136,0.7946323056,0.4460459432,3.827160494,2.956104252,4.581618656,0.1809071287,0.5892646112
blend,61,15568,0.05183710175,0.7880132994,0.4368257659,3.692688971,2.831474597,4.123915737,0.1724031572,0.5760265988
blend,62,17164,0.05214402237,0.79408815,0.4434407419,3.932960894,2.927374302,4.983240223,0.1901555901,0.5881762999
blend,63,14337,0.04108251378,0.8162734459,0.4926374227,3.989813243,3.089983022,4.81663837,0.1633442064,0.6325468918
blend,64,10268,0.03135956369,0.7988610547,0.4696741285,3.913043478,2.97515528,4.248447205,0.1134154858,0.5977221093
blend,65,4258,0.02254579615,0.8043308506,0.5058465481,3.854166667,2.96875,4.583333333,0.09705666082,0.6086617011
blend,66,2278,0.02282704126,0.7519006151,0.4341868823,2.884615385,2.692307692,4.230769231,0.1172710365,0.5038012302
blend,67,1434,0.02092050209,0.8060303894,0.5031339031,5.333333333,3.166666667,6.666666667,0.1884870632,0.6120607787
blend,68,825,0.02545454545,0.7720919213,0.4822316986,2.380952381,2.619047619,1.904761905,0.06843794416,0.5441838427
blend,69,1582,0.02212389381,0.757798504,0.4111182935,2.571428571,2.628571429,4.571428571,0.06217565943,0.515597008
blend,70,3808,0.02153361345,0.8635920296,0.5932930102,5.853658537,3.719512195,7.073170732,0.1269252831,0.7271840593
blend,71,7921,0.02221941674,0.8381807911,0.5514298081,5,3.522727273,5.909090909,0.1230741515,0.6763615823
